ps_id,title,category,theme,organization,department,crowding_score,crowding_band,theme_baseline_2025,repeat_of_2025,closest_2025_ps,closest_2025_title,similarity,closest_2025_github_repos,deadline,idea_count_snapshot,dataset_link,youtube,contact,sno,description,aikosh_findings,kaggle_findings,data_europa_eu_findings,data_gov_findings,github_findings,academic_literature
SIH26003,AI-Based Cognitive Gaming and Memory Assistance Platform for Elderly Dementia Patients in North Eastern Region (NER),Software,Space Technology,Ministry of Development of North Eastern Region (MDoNER),Ministry of Development of North Eastern Region (MDoNER),5.73,HIGH - avoid,4.03,NO,SIH25003,Low-Cost smart transportation solution for Agri produce from remote farms to nearest motorable road in NER Region,0.231,0,20 September 2026,0/500,,,,3,"Background: The North Eastern Region (NER) is witnessing a gradual rise in age-related cognitive disorders such as dementia and memory loss among the elderly population. Many families in remote and rural areas face challenges in accessing specialized neurological care, cognitive therapy, and long-term elderly support services due to limited healthcare infrastructure and geographical barriers. Elderly patients suffering from dementia often experience memory decline, confusion, anxiety, and social isolation, while caregivers face difficulties in continuous monitoring and engagement. There is limited availability of affordable and culturally inclusive digital therapeutic solutions tailored for elderly individuals in the North-Eastern Region. To strengthen elderly healthcare and improve cognitive well-being, there is a need for an accessible, engaging, and Al-enabled cognitive gaming solution designed specifically for dementia patients in NER. Description: This problem statement seeks the development of an AI-powered cognitive gaming and memory assistance platform for elderly dementia patients in the North Eastern Region. The solution should: a. Include interactive cognitive games and activities focused on: • Memory improvement • Attention and concentration 0 Daily routine recall • Pattern and object recognition of emotional and mental engagement b. Use AI/ML algorithms to adapt difficulty levels based on patient performance and cognitive condition c. Support multilingual and voice-assisted interaction suitable for elderly users in NER Include culturally familiar themes, visuals, sounds, and regional language support for d. better engagement e. Provide reminders for: • Medicines • Hydration • Daily activities • Medical appointments. f. Enable caregivers and healthcare workers to monitor patient progress through dashboards and activity levels g. Work in low-connectivity environments with offline functionality support h. Be accessible through mobile/tablet devices with a simple and elderly-friendly interface The platform should encourage long-term cognitive engagement, emotional well-being, and social interaction among elderly users. Expected Solution: A user-friendly Al-enabled cognitive assistance platform with: • Adaptive gaming and memory training modules • Voice-enabled multilingual interface • Cognitive performance tracking and analytics dashboard • Caregiver monitoring and alert system • Offline synchronization support for remote areas • Secure patient data management system • Simple and accessible UI/UX designed for elderly users The solution should support early cognitive intervention, improve quality of life for elderly dementia patients, and strengthen digital healthcare accessibility across the North Eastern Region.",Not found,No dedicated dataset; adjacent: dementia/MMSE datasets exist but not gameplay-specific,Not checked / unlikely,Not found,"No SIH-specific repo; adjacent research repos for dementia serious-games exist (academic, not plug-and-play)","Multiple real venues confirmed: IEEE ICASSP 2023 ADReSS-M Grand Challenge (multilingual dementia detection from speech); IEEE SeGAH 2020 'A Framework for Using Cognitive Assessment Games for PLWD'; IEEE Trans. on serious-game cognitive tracking, incl. 'Detecting Cognitive Ability Changes...Whack-a-Mole Game' (IEEE Journals & Magazine); JMIR Serious Games 2025 (Torabgar et al., engagement-behavior ML in dementia gameplay). Strong, directly relevant literature base."
SIH26004,Al-Assisted Early Detection System for Osteoarthritis (OA) Risk Markers in North Eastern Region (NER),Hardware,Space Technology,Ministry of Development of North Eastern Region (MDoNER),Ministry of Development of North Eastern Region (MDoNER),2.83,MEDIUM,4.03,NO,SIH25001,Smart Community Health Monitoring and Early Warning System for Water-Borne Diseases in Rural Northeast India,0.252,11,20 September 2026,0/500,,,,4,"Background: Osteoarthritis (OA) is one of the most common musculoskeletal disorders affecting elderly individuals and physically active populations, leading to chronic pain, joint stiffness, mobility issues, and reduced quality of life. In the North Eastern Region (NER), difficult terrain, physically demanding livelihoods, aging population, and limited access to specialized orthopaedic care further increase the burden of undiagnosed and untreated osteoarthritis cases. Early identification of OA risk markers is critical for timely intervention and preventive healthcare management. However, healthcare facilities in many remote and rural areas of NER lack affordable screening tools, specialist support, and diagnostic infrastructure for early-stage detection of osteoarthritis. There is a need for a technology-driven solution that can assist healthcare workers in identifying early OA indicators and supporting preventive screening in low-resource settings across the North Eastern Region. Description: This problem statement seeks to develop an AI-assisted screening and detection system for identifying early risk markers and symptoms associated with Osteoarthritis (OA) in the North Eastern Region. The solution should: a. Assist in early detection of OA-related risk markers through • Joint movement analysis • Gait and posture assessment • Pain and mobility screening inputs • Medical imaging or sensor-based assessment (if applicable) b. Use AI/ML techniques to analyse patient data and identify high-risk cases for early intervention c. Support screening in primary healthcare centres, rural health camps, and community outreach programs d. Provide preliminary OA risk assessment and severity indication e. Enable healthcare workers to digitally record patient symptoms and screening reports f. Include multilingual and easy-to-use interfaces suitable for rural healthcare settings in NER g. Work in low-connectivity environments with offline data collection capability h. Provide awareness and preventive guidance related to joint care, physical activity, nutrition, and lifestyle management The solution should be portable, affordable, and suitable for deployment in remote and underserved areas. Expected Solution: A scalable Al-enabled healthcare screening solution with: • Al-based OA risk analysis and screening module • Portable assessment interface or sensor-assisted screening mechanism • Digital patient record and report generation system • Mobile/web-based healthcare worker interface • Offline synchronization capability for remote areas • Multilingual support and simplified workflow for field deployment • Secure patient data management and analytics dashboard The solution should support early diagnosis, preventive healthcare intervention, and improved accessibility to musculoskeletal healthcare services in the North Eastern Region.",Not found,No direct OA-risk Kaggle set found; HuggingFace has a 'knee_osteoarthritis' image collection (umie_datasets),Not checked,"OAI (Osteoarthritis Initiative, US, nda.nih.gov/oai) and MOST (most.ucsf.edu) — both public, registration required","github.com/MIPT-Oulu/KneeOARSIGrading — open code+model trained on OAI/MOST, reusable baseline","IEEE Access 2023 (Tariq, Suhail, Nawaz — KL-grade OA classification from X-rays, deep ensemble, 98% accuracy); Multimodal ML progression-prediction paper (Tiulpin et al., Scientific Reports) with public code at github.com/MIPT-Oulu/KneeOARSIGrading trained on OAI/MOST. Strong technical baseline available to build from directly."
SIH26006,Development of an Intelligent Freight Forecasting Model for Optimized Vessel Chartering and Bulk Cargo Procurement from overseas to East Coast of India,Software,Transportation & Logistics,Ministry of Steel,SAIL,1.13,MEDIUM,3.83,NO,SIH25065,Designing and development of an application for on spot assessment of Roof Top Rain water harvesting and artificial recharge potential and size of the RTRWH and AR.,0.206,3,20 September 2026,0/500,,,,6,"Background: The current approach to vessel chartering for bulk cargo procurement to India's East Coast ports often involves daily market exploration, leading to reactive decision-making and likely missed opportunities for cost savings and efficiency. The highly volatile nature of global freight markets, coupled with varying supply and demand dynamics from key origins like Australia, the US, Mozambique, Russia and Indonesia, makes it challenging to identify optimal entry points for short-term or mid-term charter contracts. Furthermore, without a robust future forecasting mechanism, determining the most suitable vessel type (e.g., Handysize, Supramax, Panamax,Capesize) for specific cargo parcels and routes, while accounting for port infrastructure limitations at both origin and destination, results in suboptimal utilization and increased idle time. This manual, market-dependent approach requires analytics to mitigate risks associated with freight fluctuations and port-specific constraints, directly impacting overall logistics costs and supply chain reliability. Detailed Description: The problem statement addresses the critical need for a sophisticated freight forecasting model to revolutionize vessel chartering and bulk cargo procurement for East Coast Indian ports. Currently, our operations are heavily reliant on daily engagements with the freight market. This traditional method leads to several inefficiencies: a lack of predictive insight into future freight rates, making it difficult to secure favorable short-term or mid-term charter contracts; an inability to proactively identify the optimal time to enter the market for specific vessel types and cargo sizes; and significant challenges in minimizing vessel idle time due to inadequate planning regarding port-specific infrastructure restrictions. For instance, procuring bulk cargo (such as coal) from Australia, the US,Mozambique, and Indonesia presents unique logistical challenges. Each origin-destination pair has distinct sailing distances, trade lane dynamics, and, crucially,varying port capabilities. East Coast Indian ports, like Paradip, Vizag, Gangavaram,Gopalpur, Dhamra, Sagar- Sandheads and Haldia, each possess specific draft restrictions, berthing limitations, and cargo handling capacities that dictate the maximum permissible vessel size and turnaround time.The proposed system should therefore integrate multiple data points for comprehensive analysis. This includes historical freight rate data for various vessel sizes across relevant trade routes, global economic indicators, commodity price trends, seasonal variations in demand and supply, and real-time port congestion information for both origin and destination ports. Furthermore, it must incorporate detailed infrastructure constraints of Indian East Coast ports, such as maximum LOA (Length Overall), beam, draft, and cargo handling rates, along with similar data for the loading ports in Australia, the US, Mozambique, and Indonesia. Expected Solution: The expected solution is the development and implementation of an intelligent, datadriven Freight Forecasting Model. This model should leverage advanced analytical techniques, potentially including machine learning algorithms (e.g., time series forecasting, regression models) and artificial intelligence, to predict future freight rates with a high degree of accuracy for various vessel types and trade routes. The solution should offer actionable insights by providing recommendations on: a. Optimal Market Entry Timing: Identify ideal windows to secure short-term or mid-term vessel charter contracts for specific cargo requirements, minimizing freight costs. b. Vessel Type Optimization: Recommend the most suitable vessel type (e.g.,Handysize, Supramax, Panamax, Capesize) for a given cargo volume and origin-destination pair, considering all known port infrastructure limitations at both loading and discharge ports on India's East Coast. This includes factoring in draft restrictions, LOA, and cargo handling capabilities to prevent idle time and ensure efficient turnaround. c. Idle Scenario Management: Propose strategies for minimizing vessel idle time by forecasting periods of low demand and suggesting alternative employment opportunities or optimized positioning to reduce deadheading. d. Risk Mitigation: Provide early warnings for potential market volatility, port congestion, or other disruptions that could impact chartering decisions. The model should be user-friendly, perhaps with a dashboard interface, allowing logistics managers to input cargo details, origin/destination ports, and desired contract duration to receive comprehensive freight forecasts and actionable recommendations.The ultimate goal is to move from a reactive, daily market approach to a proactive, predictive chartering strategy, leading to significant cost reductions, improved supply chain efficiency, and enhanced decision-making capabilities. Objective: Development of model to facilitate moving from multiple single spot contracts being entered into currently to short term / medium term multiple voyage contracts.",Not found,No freight-forecasting dataset found,Not checked,"No open granular Indian Railways freight dataset; only aggregate stats (Statista, paywalled)",No open repo found,"Weak — general freight-forecasting literature exists (Transportation Research Part E, Transportation Research Board proceedings, a Kazakhstan case study using ARIMA in Transportation Research Interdisciplinary Perspectives) but nothing India-Railways-specific or IEEE. Methodology transferable, no direct precedent."
SIH26009,Using AI/ML and Space Technology to Identify Manganese Reserves and Overcome Production Shortfalls.,Software,Smart Automation,Ministry of Steel,MOIL Ltd.,2.83,MEDIUM,3.33,NO,SIH25053,Improved Onion storage technology for enhancing shelf life of onions,0.232,0,20 September 2026,0/500,,,,9,"Background: MOIL Limited is the largest producer of Manganese Ore in India. To meet future demand, it is important to accurately identify available reserves and avoid production shortfalls. At present, reserve estimation and production planning are mainly based on manual surveys, drilling results, and production records. These methods are time-consuming and sometimes lead to a mismatch between expected and actual ore production. Detailed Description: The challenge is to develop an AI/ML-based solution that uses geological data,historical production, equipment performance, and satellite/space technology inputs (such as rainfall, soil moisture, vegetation index, and land temperature) to: • Identify and map manganese reserves more accurately using surface and sub-surface indicators. • Predict shortfalls in production by analysing constraints like equipment downtime, weather conditions, or blasting delays. • Suggest corrective actions such as adjusting mine schedules, optimizing blasting, or re-deploying equipment to ensure continuous ore availability. Expected Solution: The expected solution is a user-friendly dashboard that shows predicted reserves, production trends, possible risks of shortfall, and recommended corrective steps. This will help MOIL improve planning, reduce losses, and ensure steady ore supply to customers.","YES — 'Geochemical Data Points of Karnataka and Andhra Pradesh (NGCM)' — GSI stream-sediment multi-element data, 68 elements, direct AIKosh dataset","Not checked, unlikely India-specific",Not checked,GSI National Geochemical Mapping program (source of the AIKosh dataset) — check gsi.gov.in for more state coverage,No dedicated repo; general remote-sensing mineral-mapping code exists on GitHub as reference,Not directly found for manganese-specific remote sensing; general mineral-mapping-from-satellite-spectral-signature literature exists broadly in remote sensing journals (IEEE TGRS publishes similar mineral exploration papers) but no manganese-specific IEEE paper surfaced. Treat as a build-from-first-principles PS.
SIH26011,3D ULPIN Generation and vertical Property Mapping SYstem,Software,Space Technology,Ministry of Rural Development,Dept of land resources (DoLR),-3.17,LOW - target these,4.03,NO,SIH25037,Development of a low-cost camera-based automated beach sand grain size mapping system,0.254,0,20 September 2026,0/500,,,,11,"Background: With rapid urbanization and vertical growth of cities, conventional 2D land record Systems are becoming inadequate for managing modern urban properties.Existing land administration systems are primarily designed to identify surface-level land parcels and are unable to uniquely define ownership rights associated with multi- storey apartments, underground infrastructure, elevated transport corridors, parking spaces, air-rights, and subsurface utility networks. Description: The proposed solution Should develop an advanced 3D ULPIN(Unique Land Parcel ldentification Number) Generation and vertical Property Mapping system capable of creating unique spatial identities for: . Surface land parcels . Multi-storey apartments . Underground infrastructure The system should integrate: . Drone imagery . LiDAR/3D Point cloud data . GIS parcel layers . Building floor Plans . GNSS/CORS-based coordinates . Digital Elevation Models (DEM/DSM) The solution should also incorporate AI/ML capabilities for: . Automated building extraction . Floor segmentation . Vertical Parcel delineation . lntelligent topology validation Expected Solution: The expected outcome is development of a scalable and interoperable 3D cadastral framework capable of: . Generating standardized 3D ULPINs . Mapping vertical and underground ownership rights . Supporting volumetric cadastre systems . Enabling accurate urban property governance . Reducing ownership conflicts and ambiguities . lmproving infrastructure planning and utility management","YES — SVAMITVA 'Property Card Distribution' and 'Drone Flown Villages' datasets, both live on AIKosh",Not checked,Not applicable (India-specific),DILRMP / Bhu-Naksha state portals (data access varies by state),No dedicated repo; Bhoonidhi-downloader (PyPI/GitHub) helps pull matching satellite imagery,"Strong — IEEE Conference Publication (IEEE Xplore, 2024) 'Semi-automatic Model for Detecting Discrepancy Between Cadastral Data and Building Footprint Extraction using UAV LiDAR in Smart City' is an almost exact match to this PS's ask."
SIH26012,AI-Based Automated Urban Parcel Mapping and Cadastral Feature Extraction System using Drone lmagery,Software,Robotics and Drones,Ministry of Rural Development,Dept of land resources (DoLR),-3.17,LOW - target these,4.03,NO,SIH25037,Development of a low-cost camera-based automated beach sand grain size mapping system,0.28,0,20 September 2026,0/500,,,,12,"Background: Accurate and up-to-date urban land records are essential for effective land governance, urban planning, taxation, infrastructure development, and delivery of citizen-centric services. At present, preparation of cadastral maps and delineation of urban parcel boundaries is largely dependent on manual interpretation of drone imagery and field-based Ground Truthing (GT) activities. The process is time- consuming, resource intensive, and requires extensive human intervention for extraction of parcel boundaries, building footprints, road networks, and other cadastral features.Further, dense urban settlements, irregular parcel geometries, encroachments,overlapping structures, narrow access roads, and mixed land-use patterns create significant challenges in preparation of accurate parcel maps. Manual digitization and validation of parcel boundaries often lead to delays in completion of cadastral surveys and generation of urban land records.With availability of high-resolution orthorectified lmagery (ORl), Digital surface Models (DSM), Digital Terrain Models (DTM), and drone datasets, there exists significant potential for leveraging Artificial lntelligence (Al), computer Vision, and GeoAl technologies for automated extraction of cadastral features and preparation of preliminary urban Parcel maps. Description: The system should be capable of: . Automatic extraction of parcel boundaries . ldentification and delineation of building footprints . Detection of roads, pathways, and access corridors . Classification of land-use features in urban areas The proposed solution should utilize: . High-resolution Drone lmagery . Orthorectified lmagery (ORl) . DSM/DTM datasets . Existing GIS Parcel layers . Ground Truthing (GT) datasets . GNSS/CORS-enabled surveY data The platform should incorporate: 1. Al-based image segmentation models for parcel delineation. 2. Deep learning techniques for feature extraction and object detection. 3. Automated topology generation and parcel polygon creation. 4. Detection of overlapping or inconsistent parcel geometries. 5. Web-GlS visualization and editing interface. Expected Solution: The expected outcome is development of an Al-enabled automated cadastral mapping platform capable of significantly reducing manual efforts involved in urban parcel mapping and cadastral preparation. The final solution should: . Automatically generate preliminary urban parcel maps . lmprove speed and efficiency of cadastral surveys . Reduce manual digitization efforts . Enhance accuracy of parcel boundary extraction . Support Ground Truthing and field verification activities The solution should include: . Al/ML-based parcel extraction engine . GIS-ready cadastral outputs . Web-based visualization dashboard . Automated topology validation module",Same SVAMITVA drone-imagery datasets as SIH26011 apply,"SpaceNet building-footprint datasets are on Kaggle-adjacent AWS Open Data, not Kaggle itself",Not applicable,Not checked further,"SAM2 (facebookresearch/sam2) and U2-Net (xuebinqin/U-2-Net) — both open, directly reusable, matches your MIRRA stack","Strong — extensive IEEE literature on building-footprint extraction: IEEE JSTARS 2018 (Bittner et al., FCN+DSM fusion), IEEE Trans. Geoscience & Remote Sensing 2021 (MAP-Net, code on GitHub), IEEE Geoscience & Remote Sensing Letters 2021 (HA U-Net), IEEE JSTARS 2021 (PRU-Net for UAV imagery). This is one of the best-covered PS in the whole list academically."
SIH26013,Automated lntegration and lntelligent Harmonization of Multi-source Geospatial Data for urban Land Record Management.,Software,Disaster Management,Ministry of Rural Development,Dept of land resources (DoLR),-4.83,LOW - target these,3.17,NO,SIH25050,Smart Traffic Management Systern for Urban Congestion,0.237,4,20 September 2026,0/500,,,,13,"Background: Urban land administration and cadastral management involve integration of multiple spatial and non-spatial datasets generated from various departments,agencies,and survey mechanisms. Under modern land governance programmes such as the NAKSHA Programme, large volumes of geospatial data are being generated through drone surveys, Orthorectified lmagery (ORl), DSM/DTM datasets, Ground Truthing (GT),GNSS surveys,municipal records,utility databases, and revenue land records. At present,harmonization and integration of these datasets largely depend on manual GIS workflows,which are time-consuming and prone to errors.With increasing availability of Al, GeoAl, and automated spatial processing technologies, there is significant scope for development of an intelligent system capable of automatically integrating and synchronizing multi-source geospatial datasets with feature-extracted cadastral data. Description: The proposed solution should develop an Al-enabled geospatial integration platform capable of automatically integrating, harmonizing, validating, and synchronizing multiple land-related datasets with Al-generated feature extraction outputs. The system should support integration of: . Drone imagery . Orthorectified lmagery (ORl) . DSM/DTM datasets . Existing cadastral maps . Revenue records . Municipal GIS layers . Utility network data . Ground Truthing (GT) datasets . GNSS/CORS survey data . Building footPrint datasets The solution should incorPorate: . Al/ML-based spatial matching algorithms . Automated topology correction . lntelligent attribute mapping . Geo-referencing and coordinate transformation engine . Change detection mechanisms . Spatial conflict resolution framework . Confidence scoring for integrated outputs Expected Solution: . The expected outcome is development of an intelligent geospatial integration framework capable of automatically harmonizing multi-source land-related datasets with Al-generated feature extraction outputs. .The final solution should: . Reduce manual GIS integration efforts . lmprove accuracy and consistency of urban land records . Enable seamless inter-departmental spatial data exchange . Accelerate cadastral finalization processes . lmprove interoperability of urban land information systems . Support standardized digital land governance Suggested Technologies: . Artificial lntelligence (Al) . Machine Learning (ML) . GeoAl . GIS & Web-GlS . Spatial Databases . ETL Automation . Computer Vision . Cloud Computing . Spatial Analytics . API lntegration Frameworks","Multiple state-level land record datasets scattered across AIKosh (search 'land records', 'ULPIN' individually)",Not checked,Not applicable,data.gov.in has state Bhu-Naksha/RoR portals but format is inconsistent by design (that's the problem this PS addresses),No dedicated repo found,"Adjacent literature on land-cover map harmonization and OSM-vs-satellite discrepancy correction exists (arXiv, IEEE-adjacent), but no paper specific to multi-source Indian land-record harmonization found. Treat as engineering/ETL problem, not a literature-driven one."
SIH26015,Application of Geospatial Techniques for visualization and analysis to interpret Geo-Coded lmages to enhance watershed Development Outcomes.,Software,Disaster Management,Ministry of Rural Development,Dept of land resources (DoLR),3.57,HIGH - avoid,3.17,NO,SIH25067,Proposal for Design and development of application or Heavy Metal Pollution indices,0.199,6,20 September 2026,0/500,,,,15,"Background: Watershed development plays a vital role in sustainable management of land, water, and natural resources, particularly in rural and semi-arid regions of lndia. Effective watershed planning and monitoring require accurate spatial information on land use, drainage patterns, vegetation cover, soil moisture, water bodies, and changes occurring over time. Traditional monitoring approaches often rely on field surveys and manual reporting, which are time-consuming, resource-intensive, and limited in spatial coverage. ln recent years, advancements in Geographic lnformation systems (GlS), Remote Sensing (RS), and geospatial technologies have created new opportunities for scientific watershed assessment and evidence-based decision- making.Geo-coded images, integrated with satellite-based spatial datasets, provide location- specific visual information that can significantly improve watershed monitoring and interpretation. The availability of 30 m spatial resolution satellite data through the SRISHTI-DRISHTI platform offers a valuable opportunity to develop analytical frameworks for visualization, interpretation, and assessment of watershed characteristics. Through thematic mapping and spatial analysis, geo-coded images can support identification of land degradation, water conservation structures, vegetation changes, drainage conditions, and other watershed-related parameters. The proposed study focuses on the application of geospatial techniques for visualization and analysis to interpret geo-coded images for enhancing watershed development outcomes. The study aims to develop a systematic and scalable approach for image-based watershed analysis using GIS and remote sensing tools. By integrating geo-coded imagery with satellite datasets from the SRISHTI-DRISHTI platform, the research seeks to improve planning, monitoring, interpretation, and scientific assessment of watershed interventions in a focused and cost-effective manner. Description of the Study: Despite significant investments in watershed development programs, effective monitoring and interpretation of watershed activities remain major challenges. Existing assessment methods are often fragmented, dependent on manual observations, and lack spatial integration. Many watershed projects face difficulties in accurately visualizing field conditions, tracking spatial changes, identifying intervention impacts, and generating reliable evidence for decision-making. Although geo-coded images are increasingly being collected during watershed implementation and monitoring, their analytical utilization remains limited. ln many cases, geo-tagged photographs are used only for documentation purposes rather than for integrated spatial analysis and interpretation. There is insufficient use of advanced GIS and remote sensing techniques to systematically visualize, analyse, and interpret these geo-coded datasets in relation to watershed characteristics and satellite-derived information. Furthermore, the absence of standardized visualization frameworks restricts the ability of planners and administrators to derive actionable insights from geo-coded imagery. Challenges also exist in integrating field-level geo-coded images with satellite data, thematic layers, and watershed boundaries for meaningful analysis. Limited technical approaches for image interpretation reduce the effectiveness of watershed monitoring systems and hinder scientific evaluation of land and water resource interventions. The SRISHTI-DRISHTI platform provides an opportunity to address these challenges by offering consistent 30 m spatial resolution satellite data that can support integrated geospatial analysis. However, there is a need to develop specialized methodologies and visualization techniques that can effectively interpret geo-coded images and generate meaningful watershed insights. Therefore, the study aims to bridge this gap through a focused analytical framework combining GlS, remote sensing, thematic mapping, and geo-coded image interpretation for enhanced watershed development outcomes. Scope of the Study: Table to be Added here Expected Solutions: The proposed study is expected to provide a structured geospatial framework for visualization and interpretation of geo-coded images in watershed development programs. The key expected solutions include: a)Development of an lntegrated Geospatial Visualization Framework: Thes tudy will develop a GIS and remote sensing-based framework for integrating geo-coded images with satellite data from the SRISHTI-DRISHTI platform to support watershed analysis and monitoring. b) lmproved Geo-Coded lmage lnterpretation: Advanced spatial interpretation techniques will help convert geo-coded imagery into meaningful analytical information related to land use, Vegetation status, water resources, watershed interventions, and environmental changes. c) Generation of Thematic Maps and Visualization Products: The study will visualize outputs such as land use maps,drainage maps, vegetation maps, watershed intervention maps, and spatial change detection products for better interpretation and planning. d) Enhanced Watershed Monitoring and Assessment: lntegration of geo-coded images with satellite-based datasets will improve the accuracy and efficiency of monitoring watershed activities and assessing development outcomes. e) Scientific Support for Decision-Making: The proposed framework will support evidence-based planning and policy decisions by providing spatially validated and visually interpretable watershed information. f) Scalable and Cost-Effective Monitoring Approach: The methodology will offer a focused, scalable, and economically viable approach for watershed monitoring that can be replicated across different regions and watershed programs. g) Strengthening Use of the SRISHTI-DRISHTI Platform: The study will enhance the practical utilization of the SRISHTI-DRISHTI platform as a dedicated source for satellite-based geospatial analysis and wat",Likely — search AIKosh for the specific state's geospatial layers; not verified for a specific state since PS doesn't name one,Not checked,Not applicable,"Bhuvan (bhuvan.nrsc.gov.in) thematic layers, free with login",No dedicated repo found,Spec too generic to target a literature search meaningfully — same caveat as before; recommend pulling the full brief first.
SIH26024,AI-Based Smart Governance and Compliance Monitoring System for Coal Mines,Software,Smart Automation,Ministry of Coal,Coal India Limited,2.83,MEDIUM,3.33,NO,SIH25071,Al-Based Rockfall Prediction and Alert System for Open-Pit Mines,0.319,5,20 September 2026,0/500,,,,24,"Background: The Indian coal mining sector involves large-scale operations spread across multiple subsidiaries, mine sites, contractors, regulatory bodies, and field offices. Governance-related activities such as statutory compliance monitoring, inspection tracking, safety observations, production reporting, environmental monitoring, worker attendance, contract management, grievance handling, and regulatory reporting are often managed through fragmented systems, manual documentation, spreadsheets, and delayed reporting mechanisms. This leads to challenges such as data inconsistency, delayed decision-making, limited transparency, compliance gaps, duplication of records, weak monitoring of field-level activities, and difficulty in obtaining real-time operational insights. With increasing focus on transparency, accountability, sustainability, and digital governance, there is a need for an integrated smart governance platform specifically designed for the coal mining ecosystem. Defining the Problem: Develop a centralized AI-enabled governance and compliance monitoring platform for coal mining operations that can digitally integrate mine-level activities, statutory compliance, inspections, contractor management, and operational reporting. The proposed solution should: • Digitally track statutory compliance requirements related to safety, environment, production, and labour regulations. • Enable real-time monitoring of inspections, observations, violations, and corrective actions. • Use AI/analytics to identify high-risk areas, recurring compliance failures, and operational anomalies. • Provide geo-tagged and time-stamped field reporting through mobile applications. • Integrate dashboards for mine officials, corporate management, and regulatory authorities. • Generate automated alerts, reminders, compliance reports, and escalation mechanisms. • Minimize manual paperwork and improve transparency, accountability, and decision-making. • Be scalable for deployment across multiple mines and subsidiaries. • Participants may use AI/ML, mobile applications, GIS mapping, OCR/document digitization, workflow automation, blockchain-based audit trails, or multilingual conversational interfaces as part of the solution. The proposed system is expected to: • Improve governance efficiency and transparency in coal mining operations. • Reduce delays and errors in compliance management and reporting. • Enable data-driven monitoring and faster administrative decision-making. • Strengthen accountability and real-time tracking of field activities. • Support digital transformation and paperless governance in the mining sector. • Create a scalable indigenous e-governance framework for Indian coal mines. Expected Solution: The proposed solution should be a centralized AI-enabled smart governance platform for coal mines that integrates compliance monitoring, inspection management, operational reporting, contractor management, and field activity tracking into a single digital ecosystem. The system should provide real-time visibility, automated workflows, and data-driven insights through web and mobile applications to improve transparency, accountability, and decision-making across multiple mining sites and subsidiaries. • Centralized dashboard for mine officials, corporate management, and regulatory authorities with real-time compliance and operational monitoring. • AI/analytics engine to detect compliance risks, operational anomalies, recurring violations, and generate predictive alerts. • Geo-tagged mobile application for field inspections, safety observations, attendance, and incident reporting with offline support. • Automated workflow system for alerts, reminders, escalations, digital approvals, and statutory report generation. • GIS mapping, OCR-based document digitization, and secure digital audit trails for transparent and paperless governance.",Not found,"Not found directly, but DsLMF+ (see GitHub note) may be mirrored — worth checking 'longwall mining' or 'DsLMF' on Kaggle directly.",Not checked,"DGMS (dgms.gov.in) publishes inspection/safety advisories as PDF, not structured data","DsLMF+ — open annotated image dataset (138,004 images, YOLO/COCO format) for underground mining hazard recognition, published in Scientific Data (2023). Not India-specific but directly reusable for a mine-safety/compliance-monitoring vision component.","Real, strong: Scientific Data 2023 (DsLMF+ dataset paper, cited already in file); PMC 2025 'Enhancing Object Detection in Underground Mines: UCM-Net' (YOLO-based, self-supervised pretraining); PMC 2024 'Coal Mine Safety Alert System: BP Neural Network + Genetic Algorithm'. Real ML-for-mine-safety literature base, not India-specific but technically strong."
SIH26025,"Development of an AI-enabled Low Cost Real Time Mine Subsidence Monitoring, Prediction and Early Warning System for Underground Coal Mines in India",Hardware,Disaster Management,Ministry of Coal,Coal India Limited,-1.83,LOW - target these,3.17,NO,SIH25001,Smart Community Health Monitoring and Early Warning System for Water-Borne Diseases in Rural Northeast India,0.342,11,20 September 2026,0/500,,,,25,"Background: Surface subsidence caused by underground coal mining poses significant risks to nearby communities, public infrastructure, agricultural land, forest areas, and the surrounding environment. In India, subsidence monitoring is still largely dependent on conventional field observations, periodic surveys, and post facto damage assessments, which often fail to provide timely warning before critical ground failure occurs. There is a strong need for an indigenous, low cost, intelligent, and real time monitoring solution capable of detecting early signs of ground movement and enabling proactive risk mitigation. Such a system should be affordable, scalable, and deployable across Indian underground coal mines using widely accessible technologies, thereby supporting the national vision of smart and sustainable mining. Description: The problem envisages development of an AI-enabled smart mine subsidence monitoring and early warning platform based on a localized wireless surface mesh sensor network deployed above underground mine panels. The proposed solution involves installing a distributed network of low cost smart sensor nodes across the surface over the underground mining area. Each node may be equipped with sensors such as: • tilt/inclination sensors, • vibration sensors, • displacement/stretch sensors, • crack detection sensors, • optional low cost positioning modules. These nodes will communicate through a wireless mesh communication network (such as LoRa/Zigbee/Wi-Fi mesh), enabling continuous real time monitoring of micro ground movements over the mine panel. The system should continuously detect: • abnormal ground tilt, • change in relative distance between nodes, • early crack initiation, • unusual vibration signatures, which may indicate the onset of subsidence. Using Artificial Intelligence / Machine Learning, the platform should: • identify abnormal deformation patterns, • predict possible subsidence zones, • estimate severity and progression, • generate automated early warning alerts, • support timely operational decisions. The solution should be robust, low power, scalable, and suitable for Indian geo-mining conditions. Expected Solution: A web/mobile enabled intelligent mine subsidence monitoring platform integrating IoT, wireless mesh networking, AI, and GIS technologies for: • development of low cost smart sensor nodes using readily available hardware platforms (e.g., Arduino/ESP32/Raspberry Pi); • deployment of a localized wireless mesh network over underground mine panels for continuous surface deformation sensing; • real time monitoring of tilt, displacement, vibration, and crack initiation; • AI/ML-based anomaly detection and subsidence prediction using live and historical data; • GIS based visualization of live deformation maps and risk zones; • automated early warning alerts through SMS/email/mobile app notifications; • interactive dashboards for mine operators, planners, and regulators; • offline capability with periodic cloud synchronization; • scalable deployment across multiple underground coalfields. The proposed solution must be low cost, easy to deploy, energy efficient, scalable, and student prototype friendly, while enabling a Made in India smart mining safety solution for sustainable underground coal mining. Now your problem statement has a clear unique innovation hook: 'Wireless Surface Mesh Network for Real Time Subsidence Detection' that is what will differentiate it from generic AI proposals.","Not found directly, but GSI/mining-lease boundary layers may exist — worth a direct AIKosh search",Not checked,"Not applicable to India, but EU has open Sentinel-1 subsidence methodology papers with code","Sentinel-1 SAR imagery itself is free via Copernicus Open Access Hub (dataspace.copernicus.eu), not data.gov but equivalent free-tier access","StaMPS (github.com/dbekaert/StaMPS) and LiCSBAS — open-source InSAR processing toolchains, real and usable","Strong — multiple peer-reviewed InSAR-for-mine-subsidence papers: PMC/Remote Sensing 2024 (PUNet phase-unwrapping for mining subsidence, Shanxi China case study), Geocarto International 2023 (D-InSAR high-groundwater coal mines), Proceedings IAHS 2020 (Sentinel-1 IPTA+SBAS for mining subsidence, Tangshan case). Well-documented methodology to replicate."
SIH26028,Dynamic Forecast of Expected Time of Arrival (ETA) for Coaching Trains,Software,Disaster Management,Ministry of Railways,Ministry of Railways,4.37,HIGH - avoid,3.17,NO,SIH25020,Development of indigenous contactless Integrated Track Monitoring Systems (ITMS) for Track Recording on Indian Railways,0.187,1,20 September 2026,0/500,,,,28,"Background: Accurate forecasting of the Expected Time of Arrival (ETA) for coaching trains is vital for improving passenger satisfaction and operational efficiency in Indian Railways. Currently, ETA is often estimated using static schedules, current delays and in-built recovery times, which may not reflect real-time ground realities such as speed restrictions, congestion, unscheduled stoppages or historical patterns. As a result, passengers, station staff, and downstream logistics services face uncertainty and planning difficulties. With the growing demand for real-time train information and forecast, there is a pressing need to shift towards a data-driven, dynamic ETA prediction system that continuously adapts to actual train running conditions. Detailed Description: Indian Railways operates a vast network of passenger trains across diverse geographies, weather conditions, and traffic patterns. These coaching trains often face variability in journey times due to multiple real-world factors such as signal halts, congestion on busy routes, delays in preceding trains, temporary speed restrictions, unscheduled maintenance blocks, level crossing gates and operational bottlenecks.Despite this, ETA predictions at intermediate and destination stations are still often based on the train schedule, current delays and in-built recovery times, which lack accuracy and responsiveness.This limitation affects not just passengers but also impacts station planning, crew scheduling, platform allocation, cleaning operations, and feeder transport services. For long-distance trains with multi-day journeys, even a small deviation can cascade and lead to significant uncertainty. In an era where passengers expect real-time updates through mobile apps and station displays, inaccurate or outdated ETA predictions undermine service quality and trust. The challenge is to create a system that can dynamically forecast the ETA of trains at various points in their journey using real-time data feeds. These may include GPS-based location data, signal aspects, average sectional running times, weather conditions, historical delay patterns, and congestion levels on downstream tracks. The system must also be scalable to cover thousands of trains simultaneously and adaptable to the Indian Railways diverse operational zones. It should account for temporal and spatial variability in train performance and continuously refine its predictions using machine learning or statistical models. Such a system can serve as a foundation for better passenger communication, resource planning, and delay management. Expected Solution: The expected solution is a real-time ETA prediction system for coaching trains using data-driven models.It should integrate live train location data, operational parameters, historical delay trends, and network conditions to forecast arrival times at upcoming stations.The system must dynamically update ETAs in response to real-time events and delays. Machine learning or statistical forecasting techniques should be employed to improve accuracy over time. The solution should feature APIs for integration with mobile apps, station displays, and control room dashboards, ensuring that passengers and staff receive reliable, up-to-date information to support decision-making and planning.",Not found,No granular Indian Railways punctuality/run-time dataset on Kaggle,Not applicable,"Confirmed CLOSED — NTES (enquiry.indianrail.gov.in) has no public API; all live-status apps (ixigo, Where-is-my-Train) scrape unofficially, legally grey, not a stable data source for a hackathon build.",No verified open repo with real IR data; several unofficial NTES-scraper repos exist but are legally grey,General rail freight/passenger forecasting literature exists (see 26006) but nothing India-NTES-specific or IEEE. No direct precedent found.
SIH26034,"Software System to check compliance of Packaged Commodities under Legal Metrology(Packaged Commodities) Rules, 2011 by scanning products, images and labels.",Software,"Agriculture, FoodTech & Rural Development","Ministry of Consumer Affairs, Food & Public Distribution",Department of Consumer Affairs (DoCA),-0.57,LOW - target these,4.13,NO,SIH25057,Automated Compliance Checker for Legal Metrology Declarations on E-Commerce Platforms,0.312,1,20 September 2026,0/500,"https://consumeraffairs.gov.in/pages/legal-metrology-act and the Legal Metrology (Packaged commodities) Rules, 2011",,,34,"Background: Packaged commodities are widely sold through retail stores, supermarkets and e-commerce platforms across India. Under the Legal Metrology Act, 2009 and the Legal Metrology(Packaged Commodities) Rules, 2011, every packaged commodity is required to bear mandatory declarations such as name and address of manufacturer/packer/importer, net quantity, Maximum Retail Price (MRP), month and year of manufacture/packing/import,consumer care details and other prescribed declarations in a specified format and manner.These declarations are important for ensuring transparency, fair trade practices and consumer protection. However, due to the large volume and variety of packaged products available in the market, manual inspection and compliance checking by enforcement agencies becomes time-consuming and resource intensive. Non-compliance such as missing declarations, incorrect font sizes, improper MRP declarations and other such practices are frequently observed.There is scope to develop a compliance checking system capable of scanning product labels,package images and product listings to identify violations under the Legal Metrology(Packaged Commodities) Rules, 2011. Accordingly, a software system capable of automatically detecting, extracting and validating mandatory declarations and identifying noncompliances in packaged commodities through image and label analysis can be developed. Description: Develop a software application capable of scanning packaged commodity labels, product images and product information to automatically assess compliance with the Legal Metrology(Packaged Commodities) Rules, 2011. The system should be capable of: • Scanning and analyzing images of packaged commodities. • Detecting mandatory declarations prescribed under Legal Metrology rules. • Checking correctness, completeness and placement of declarations. • Identifying missing or non-compliant declarations. • Checking readability and font size requirements. • Generating compliance reports and violation summaries. • Maintaining a repository of scanned products and compliance history. • Providing dashboards for enforcement officials. Expected Solution: The proposed solution should include: • User-friendly web and/or mobile-based software application. • Automated extraction and validation of mandatory declarations. • Rule-based compliance checking for Legal Metrology (Packaged Commodities) Rules, 2011. • Generation of digital compliance reports in PDF and editable formats. • Dashboard for monitoring inspections, violations and product compliance details. • Search and retrieval facility for previously scanned products and reports. • Technical documentation describing software architecture and deployment framework. Key Functional Requirements: • Image upload and product scanning functionality. • Extraction of declarations from labels and packaging and detection of mandatory declarations • Font size and readability analysis. • Detection of missing, misleading or non-standard declarations. • Generation of compliance/non-compliance reports. • Attachment of photographs and supporting evidence. • Repository of scanned products and inspection history. • Role-based user access and secure authentication. • Dashboard for monitoring compliance status and enforcement activities. • Export of reports to PDF and editable formats.",Not found — this is a self-generated-data PS by design,Not applicable,Not applicable,"BIS Legal Metrology rules published as PDF on consumeraffairs.nic.in, not structured data","No dedicated repo; general OCR tools (Tesseract, EasyOCR) are the reusable components","Real and relevant: IEEE ICIP 2019 ('Robust shipping label recognition...deep neural networks'), IEEE ICIP 2018 (OCR for retail food packaging), 2025 paper 'Evaluating OCR performance on food packaging labels' (benchmarks Tesseract/EasyOCR/PaddleOCR/TrOCR — directly useful for choosing your OCR engine), 2025 'Robust Framework for Coffee Bean Package Label Recognition' (vision-LLM OCR approach). Good applied literature for the OCR component specifically."
SIH26035,Development of a Software Program/Application for Generation of Test Reports for Non-Automatic Weighing Instruments (NAWI) as per OIML Recommendation R- 76,Software,Smart Vehicles,"Ministry of Consumer Affairs, Food & Public Distribution",Department of Consumer Affairs (DoCA),-3.47,LOW - target these,4.03,NO,SIH25058,Detection and Prevention of Tampering in Weighing and Measuring instruments,0.259,0,20 September 2026,0/500,"https://consumeraffairs.gov.in/pages/legal-metrology-act and the Legal Metrology (General)<br><br> Rules, 2011",,,35,"Background: Non-Automatic Weighing Instruments (NAWIs), such as electronic weighing scales, platform scales and weighbridges, are widely used in trade, commerce, healthcare, agriculture and industry where accurate measurement is essential for fair transactions and consumer protection.Under the Legal Metrology Act, 2009 and the Legal Metrology (General) Rules, 2011, such instruments used for transaction and protection are required to conform to prescribed standards,obtain model approval, and undergo verification and stamping before being put into use. For granting model approval, NAWIs are evaluated by designated laboratories in accordance with OIML Recommendation R 76 – Non-Automatic Weighing Instruments, which specifies internationally accepted technical, metrological and performance requirements. The evaluation involves various metrological and functional tests, the results of which are compiled into detailed test reports.At present, these test reports are largely prepared manually using spreadsheets or document templates, making the process time-consuming, prone to calculation errors and lacking uniformity. Hence, there is a requirement to develop a software application that automates test data recording, compliance evaluation and generation of standardized test reports as per OIML R 76, thereby improving accuracy, consistency, and efficiency in the model approval process. Description: Develop a software application capable of generating complete test reports for Non-Automatic Weighing Instruments based on test observations recorded during type evaluation as per OIML R 76. The system should be capable of: - Capturing instrument details and technical specifications. • Recording laboratory and environmental conditions. • Entering observations from various OIML R 76 test procedures. • Automatically calculating permissible errors, and compliance status. • Performing validation checks for entered test data. • Automatically determining pass/fail criteria based on OIML R 76 requirements. • Generating standardized digital test reports in printable formats. • Maintaining a digital repository of completed test reports. • Providing secure user access with role-based permissions. • Supporting future updates whenever OIML recommendations are revised. Expected Solution: The proposed solution should include: • User-friendly desktop and/or web-based application. • Digital data entry forms for all applicable OIML R 76 tests. • Automated calculations and compliance verification. • Standardized test report generation in PDF and editable formats MS Word etc. • Instrument-wise test history and report repository. • Dashboard for monitoring testing activities and report status. • Search and retrieval facility for previously generated reports. • Technical documentation describing software architecture, calculation methodology and deployment framework. Key Functional Requirements: • Entry of manufacturer details, Instrument specifications, Model information and technical parameters • Compliance determination as per OIML R-76 • Entry of observations for all prescribed tests • Automatic validation of input data and related calculations • Automatic preparation of standardized test reports with auto-population of laboratory and instrument details • Attachment of photographs and supporting documents • Digital signatures (optional) • Export to PDF and editable formats • Dashboard for test report management (completed, in process, history access etc.)",Same as above — self-generated,Not applicable,Not applicable,OIML R76 standard document is public (oiml.org) but not a dataset,No dedicated repo,Same OCR/compliance literature as SIH26034 applies to the report-generation half; no literature specific to OIML R76 report automation found — that part is a pure engineering/templating task.
SIH26042,Al-Powered Vernacular Pedagogy and Real-Time Translation Tool for Mother Tongue-Based Primary Education,Software,Smart Education,Governmcnt of Jharkhand,Department of Higher & Technical Education,6.22,HIGH - avoid,5.22,NO,SIH25048,Gamified Learning Platform for Rural Education,0.205,8,20 September 2026,0/500,,,,42,"Background: Jharkhand's PALASH Mother Tongue-Based Multilingual Education (MTB-MLE) programme has demonstrated measurable improvements in foundational literacy among tribal children. However,scaling the programme is severely bottlenecked by a shortage of teachers proficient in tribal languages including Ho, Mundari, and Santhali -languages with limited digital NLP resources. The vast majority of teachers assigned to tribal-area primary schools are Hindi-medium trained and lack the linguistic tools to deliver mother-tongue-based instruction. Without a technology bridge, the pedagogical intent of MTB-MLE cannot be realised at scale, and children in over 5,000 tribal-area primary schools continue to receive instruction in a language they do not comprehend at home. Description: Develop an Al-assisted translation and curriculum-generation software suite that enables non-nativespeaking primary school teachers to deliver mother-tongue-based instruction in Ho, Mundari, and Santhali without prior language training. The system must include an NLP engine capable of translating standard Hindi Foundational Literacy and Numeracy (FLN) curriculum content- including lesson scripts, activity instructions, and assessment prompts-into contextually accurate text and synthesised audio in target tribal languages. A real-time voice-to-voice translation feature must allow a teacher speaking Hindi to conduct interactive classroom dialogue with tribal-language-speaking students, with latency not exceeding three seconds. The system must auto-generate bilingual worksheets and visual flashcard sets aligned to the NIPUN Bharat learning outcomes framework.Given that most schools in the target deployment areas lack reliable internet, the entire application must function offline on low-cost tablets (?2 GB RAM, Android 9+) after initial content synchronisation. Expected Solution: A working software application demonstrating Hindi-to-tribal-language translation (minimum one tribal language at prototype stage), real-time voice translation with sub-3-second latency, autogenerated bilingual worksheet output, and full offline operation on a low-end Android tablet submitted with a demo video - and GitHub repository.","AI4Bharat IndicConformer ASR models for individual languages (Kashmiri, Maithili, Konkani etc.) are hosted on AIKosh individually, plus Sarvam-Translate (open-weight, GPL-3.0) explicitly lists Santali as a supported language.","CONFIRMED — MMLoSo 2025 (Multimodal Models for Low-Resource Contexts, ACL workshop) ran as an official Kaggle shared task 29 Oct-15 Nov 2025. ~20,000 parallel sentence pairs per direction for Bhili<->Hindi, Mundari<->Hindi, Gondi<->Hindi, Santali<->English, plus a 16,000-sentence held-out eval set. 18 teams competed; multiple ACL Anthology papers document winning approaches (IndicTrans2 + LoRA adapters won). This is a stronger, better-documented dataset than initially found.",Not applicable — India-specific vernacular problem.,"Adi Vaani (adivaani.tribal.gov.in) CONFIRMED real — Ministry of Tribal Affairs platform launched Sept 2025, IIT Delhi-led consortium (with BITS Pilani, IIIT Hyderabad, IIIT Nava Raipur, state Tribal Research Institutes). Supports Santali, Bhili, Mundari, Gondi (Kui, Garo in development). Text, speech, and OCR translation. This is the platform Jharkhand's PS is implicitly asking teams to emulate.","AI4Bharat (github.com/AI4Bharat) confirmed real and extensive — IndicTrans2, IndicConformer ASR suite, IndicOCR. Sarvam AI's Mayura (English<->Indic translation) and Saarika (ASR, note: NOT 'Saaras' as sometimes miswritten) are real, documented models, some open-weight on AIKosh/HuggingFace. UNVERIFIED/LIKELY FALSE: a claimed 'Kurukh Language Digits Dataset' (3,900 handwritten characters) could not be found on Kaggle or anywhere else — appears to be a conflation with the real but unrelated Kurdish K-ZHMARA digit dataset (70,000 images). Do not build a plan around this claim without verifying directly on Kaggle first.","See file's dedicated MMLoSo/AI4Bharat entry — ACL Anthology 2025 proceedings (Proceedings of MMLoSo 2025 Workshop) contain multiple peer-reviewed shared-task papers with reproducible methodology (IndicTrans2+LoRA, NLLB-200/mBART adaptation) directly on this exact language set."
SIH26054,"AI-Enabled Real-Time Digital Twin System for Health Monitoring, Fault Prediction and Mission Reliability Enhancement of Aero Piston Engines used in MALE UAVs.",Software,Robotics and Drones,DRDO,Department of Defence Production /IDEX,-0.67,LOW - target these,4.03,NO,SIH25007,Development of a Digital Farm Management Portal for Monitoring aximum Residue Limits (MRL) and Antimicrobial Usage (AMU) in Livestock,0.172,3,20 September 2026,0/500,,,,54,"• Background: Medium Altitude Long Endurance (MALE) UAV are increasingly being deployed for Long-duration intelligence, surveillance, reconnaissance (ISR). Communication relay maritime surveillance and strategic defence missions Reliability and availability of propulsion systems are critical for mission success because piston-engine failures during flight may lead to mission abort, asset loss, or unsafe recovery conditions. Conventional engine monitoring systems used in UAVs are primarily thresholdbased and reactive in nature. These systems generally indicate failures only after abnormality has already occurred. Present approaches also have limited capability to estimate remaining useful life (RUL) predict degradation trends, or simulate mission-wise engine behavior under varying environmental and operating conditions. A Digital Twin (DT) framework for aero piston engines can significantly improve predictive maintenance, operational reliability, mission planning, and life cycle management by creating a continuously synchronized virtual representation of the physical engine using real-time sensor data physics-based models and AI/ML techniques. The proposed problem aims to develop an indigenous Digital Twin framework suitable for deployment in MALE UAV ground control and health monitoring architecture. The solution should support real-time engine state estimation, anomaly detection degradation tracking, faultprediction, and mission replay capability. • Description: Develop a scalable and modular digital Twin System for an aero piston engine used in MALE UAV applications. The system shall create a real-time virtual representation of the engine by integrating. • Engine sensor data • Thermodynamic behavior models • Engine performance maps • Failure/degradation logit • AI/ML based predictive analytics The proposed system should be capable of: • Real-time engine parameter visualization • Monitoring of engine health indicators • Defection of abnormal operating conditions • Predicting probable failures before occurrence • Estimating degradation trends and Remaining Useful Life (RUL) • Simulating engine behavior under different mission profiles and environmental conditions • Supporting post-flight analysis and mission replay The system may utilize • CAN bus/Socket CAN-based engine data acquisition • ECU/FADEC communication interfaces Edge computing architecture Cloud or local server-based analytics • AI/ML algorithms far anomaly detection • Physics informed modelling approaches • Dash board/HMI for operators and maintenance engineers • Expected Solution: The digital twin core framework shall act as the central intelligence layer that continuously mirrors the real aero-piston engine operating onboard the MALE UAV. The framework should establish a dynamic and continuously synchronized virtual representation of the engine using live telemetry, physicsbased models, operational history and AI-Driven analytics. The framework should be designed considering future deployment in defence grade Ground Control Station (GCS), engine test rigs, and fleet-level health monitoring infrastructures. The expected solution should include: A. Digital Twin Core Framework • Virtual engine model synchronized with live engine data • Modular architecture for future scalability • Real-time data ingestion capability B. Health Monitoring System: The health monitoring system shall continuously assess the condition of engine sub-systems and generate health indices for predictive maintenance. Monitoring of following engine parameter are required: • RPM • Cylinder Head Temperature (CHT) • Exhaust Gas Temperature (EGT) • Oil Pressure & Temperature • Fuel flow • Vibration signatures • Battery Alternator health • Injection timing parameters C. Fault Detection & Predictive Analytics: The system should transition from conventional threshold-based monitoring to intelligent predictive diagnostics. The detection/prediction of following parameters are required: • Misfire conditions • Injector abnormalities • Coding degradation • Lubrication issues • Sensor drift/ failure • Combustion instability • Overheating trends • Abnormal vibration patterns D. AE/ML Layer: The AI/ML layer shall provide adaptive learning capability for predictive diagnostic and intelligent maintenance planning. Following parameters are required to be captured: • Anomaly detection algorithms • Remaining Useful Life (RUL) estimation • Trend analysis • Predictive maintenance recommendations E. Simulation & Replay Capability: The system should include simulation tools to reproduce engine behavior and analyses mission scenarios. Following parameters are required to be captured: • Replay of historical mission data • Environmental condition simulation • Engine behavior simulation during • High Altitude • Endurance mission • Hot-weather operation • Rapid throttle transitions F. Visualization Dashboard: The dashboard shall provide an intuitive operational interface for UAV operators, propulsion engineers and maintenance team. A user Interface displaying dashboard should support following: • Real-time engine health status • Fault alerts • Engine efficiency trends • Maintenance advisory • Mission-wise health reports Deliverables Expected from Teams: • Functional prototype/software demonstrator • Digital twin architecture design • Engine Simulation model • AI/ML-based anomaly detection module • Visualization dashboard • Demonstration using simulated or real engine datasets • Technical documentation and deployment roadmap Desired Innovation Areas: Participants are encouraged to explore: • Physics-informed AI • Edge AI for UAV applications • Lightweight onboard analytics • Hybrid thermodynamic + data-driven models • Federated learning approaches • Explainable AI for fault diagnosis • Secure telemetry architecture • Autonomous maintenance advisory systems Technical Expectations from Participants: Teams are expected to demonstrate understanding of: • IC engine fundamentals • UAV propu",Not found,"MIMIC-III / MIMIC-IV are on PhysioNet not Kaggle, but Kaggle mirrors/derivatives exist (search 'MIMIC')",Not applicable,"PhysioNet (physionet.org) — MIMIC-III/IV, credentialed access required (CITI training, takes ~1 day)",waveform-analysis and MIMIC-code repos on GitHub (MIT-LCP/mimic-code) — extensive open tooling,"Strong general digital-twin-for-health literature exists in IEEE EMBC/JBHI but no DRDO-specific precedent (expected, defence-adjacent). MIMIC-code (MIT-LCP) provides the applied engineering base rather than a single paper."
SIH26057,AI-Powered Automated Underwater Marine Debris and Anomaly Detection System using Side-Scan Sonar Imagery,Software,Renewable / Sustainable Energy,Ministry of Earth Sciences (MoES),National Institute of Ocean Technology (NIOT),-3.3,LOW - target these,2,NO,SIH25055,Automated Specimen Preparation System for testing of Cable samples as per IS 10810 and IS 7098.,0.232,0,20 September 2026,0/500,,,,57,"• Background The accumulation of anthropogenic (man-made) debris in marine ecosystems poses a critical threat to global biodiversity. Among the most destructive types of pollution are ‘ghost nets’-abandoned, lost, or discarded fishing gear. These nets continuously trap and kill marine life,destroy coral reefs, and damage commercial vessel propellers. Because the ocean is vast and dark, marine conservationists and underwater technologists rely on Side Scan Sonar (SSS) instruments. These sensors are towed behind ships or mounted on Autonomous Underwater Vehicles (AUVs) to create detailed acoustic maps of the seafloor.However, manual inspection of thousands of kilometers of sonar logs is incredibly slow, tedious, and prone to human error. Debris can easily blend into natural geological features like rock formations, sand ripples, and marine ridges. Automating this process via computer vision is essential for efficient ocean cleanup operations. • Description Participants must develop an end-to-end automated computer vision pipeline capable of ingesting side-scan sonar imagery, identifying man-made debris against a complex natural background, and generating actionable localized data.The software system must be robust enough to handle the core challenges inherent to acoustic imagery: high speckle noise, varying pixel resolutions, acoustic shadows, and data dropouts caused by underwater vehicle motion (heave, pitch, and roll). The primary objective is to build an algorithm that reliably separates natural seafloor topology from artificial anomalies. The final solution should be optimized to run efficiently, potentially allowing deployment on edge devices or onboard a marine drone without requiring heavy cloud computing dependencies. • Expected Solution Teams are expected to deliver a functional, modular software prototype containing the following core components: • Object Detection / Semantic Segmentation Model: An AI/ML architecture (such as YOLO,Faster R-CNN, or U-Net) trained to detect and draw bounding boxes or pixel-level masks around man-made objects (including shipwrecks, pipes, cylinders, and entangled debris nets). • Confidence Scoring & Noise Filtering Module: An algorithmic pipeline or pre-processing filter that minimizes false positives caused by natural acoustic shadows or rock clusters,outputting a clear confidence score (0% to 100%) for every detected anomaly. • Anomalous Reporting & Geotagging Engine: A data-parsing script or lightweight dashboard interface that reads sonar metadata (such as coordinate files or ping headers) to output a structured report (JSON or CSV format). This report must detail the exact location (latitude/longitude), bounding dimensions, and classification of each detected hazard. • User Interface (UI) Dashboard: A visual interface where a user can upload a raw sonar image log, view the AI models' detections overlaid on the map in real-time, and download the generated anomaly reports.",Not found,No sonar-imagery dataset found on Kaggle,"Marine litter: EEA 'Marine LitterWatch' dataset accessible via data.europa.eu / EEA discomap services — real but litter-survey data, not sonar imagery",NOAA has some public side-scan sonar archives (not confirmed structured for ML),"EMODnet-related repos (github.com/EMODnet) — marine data tooling, not sonar-specific",Weak on sonar-imagery-specific ML; adjacent EEA Marine LitterWatch is survey data not sonar. No strong academic precedent found for underwater debris detection via sonar CNN — this is the most literature-thin PS in your set.
SIH26061,AI-Driven Smart Energy Management System for Polar Research Stations,Software,Miscellaneous,Ministry of Earth Sciences (MoES),National Centre for Polar andOcean Research (NCPOR),2.21,MEDIUM,2.31,NO,SIH25050,Smart Traffic Management Systern for Urban Congestion,0.273,4,20 September 2026,0/500,,,,61,"Develop an intelligent energy-management system using AI for load forecasting, renewable energy integration and fuel optimization under extreme polar conditions.",Not applicable — no Indian station data is public (NCPOR does not publish Maitri/Bharati operational energy logs).,"Search 'Microgrid Energy Management' / 'Smart Grid Load Forecasting' for generic base datasets — these exist but are NOT polar-specific; would need synthetic adjustment (lower baseline temp to ~-30C, add no-solar winter periods) to approximate polar constraints. Confirmed viable as a workaround, not a direct match.","Not applicable — Antarctic/polar-specific, outside EU portal scope.",Not applicable — no Indian government open dataset for polar station energy exists.,"CONFIRMED real substitutes: (1) NREL (National Renewable Energy Laboratory, USA) — active Cold Climate Housing Research Center partnership (Fairbanks, Alaska, -50F to 80F range), published field datasets e.g. 'NREL Field Validation of Air-Source Heat Pumps for Cold Climates 2021-2023', freely downloadable. (2) NASA POWER (power.larc.nasa.gov) — NOT 'NASA Earthdata' generically, POWER specifically is the right tool: dedicated solar/meteorological API, 40+ years of data (radiation since 1984, met since 1981), CONFIRMED global coverage including polar coordinates, documented Python/R clients (nasapower on CRAN/PyPI), CC BY 4.0 license. (3) India's actual stations are Maitri (est. 1989, Schirmacher Oasis) and Bharati (est. 2012, Larsemann Hills), both run by NCPOR under MoES — correct names to use in a pitch. CAUTION: OpenWeatherMap (suggested for a 'live' demo layer) does NOT reliably cover Antarctica — sparse/no ground stations there, so live API calls for Maitri/Bharati coordinates may return null or poor interpolated data; use NASA POWER historical data replayed on a timer instead, not a live OpenWeatherMap call, especially if a judge might check it live.","Strong and near-exact match: Heliyon 2023 ('Efficient design of energy microgrid management system: Remora optimization'); most importantly, a Chinese journal paper (2024, DOI 10.12158/j.2096-3203.2024.03.017) titled 'Optimal allocation of microgrid capacity taking into account battery capacity attenuation under polar conditions' — directly models Antarctic-station wind-solar microgrid capacity with battery degradation, almost exactly this PS. Also core.ac.uk paper on SANAE IV (South African Antarctic station) fuel-saving energy management via HOMER simulation, 8.3% fuel reduction result. This is a very well-supported PS academically."
SIH26070,"To develop an Artificial Intelligence (AI) / Machine Learning (ML) based system for identification, classification, and prediction of different tropical cyclone patterns using multi-source satellite data.",Software,Smart Education,Ministry of Earth Sciences (MoES),India Meteorological Department,4.72,HIGH - avoid,5.22,NO,SIH25043,Embedded Intelligent Microscopy System for Identification and Counting of Microscopic Marine Organisms,0.251,0,20 September 2026,0/500,,,,70,"To develop an Artificial Intelligence (AI) / Machine Learning (ML) based system for identification, classification, and prediction of different tropical cyclone patterns using multi-source satellite data.",Spec too thin to search meaningfully — recommend pulling full brief first,-,-,-,-,Spec too thin to target meaningfully.
SIH26071,"AI/ML-Based Integrated heavy rainfall Early Warning and Inundation Prediction System using Satellite, Radar, observational Weather and numerical weather prediction model data.",Software,Disaster Management,Ministry of Earth Sciences (MoES),India Meteorological Department,2.67,MEDIUM,3.17,NO,SIH25001,Smart Community Health Monitoring and Early Warning System for Water-Borne Diseases in Rural Northeast India,0.245,11,20 September 2026,0/500,,,,71,"AI/ML-Based Integrated heavy rainfall Early Warning and Inundation Prediction System using Satellite, Radar, observational Weather and numerical weather prediction model data.",Not found India-specific,"Not applicable directly, but ERA5-derived Kaggle datasets exist generically","ERA5 reanalysis IS on Copernicus Climate Data Store (not data.europa.eu directly but same EU-data family, free registration)","IMD gridded rainfall — imdpune.gov.in (not always machine-friendly, PDF/manual download)","cdsapi (Python client for ERA5, official Copernicus tool) — well documented on GitHub","General heavy-rainfall/flood early-warning ML literature is extensive (IEEE, AGU journals) using ERA5/IMD data; no India-specific paper pinpointed in this pass but the methodology is well-trodden and reproducible."
SIH26072,"AIML based Nowcasting of thunderstorm and lightning using atmospheric observation including multiple radars, satellite, lightning and model data.",Software,Disaster Management,Ministry of Earth Sciences (MoES),India Meteorological Department,1.27,MEDIUM,3.17,NO,SIH25027,"Develop a blockchain-based system for botanical traceability of Ayurvedic herbs, including geo-tagging from the point of collection (farmers/wild collectors) to the final Ayurvedic formulation label.",0.179,1,20 September 2026,0/500,,,,72,"AIML based Nowcasting of thunderstorm and lightning using atmospheric observation including multiple radars, satellite, lightning and model data.",Not found,Not applicable,ERA5 via Copernicus CDS (same as above),"MOSDAC (mosdac.gov.in) for INSAT imagery, registration required",No dedicated nowcasting repo verified for India specifically; generic radar-nowcasting repos exist (e.g. MIT's RainBench),Thunderstorm nowcasting literature exists broadly (radar-based nowcasting is a mature IEEE/AMS research area) but no India/MOSDAC-specific paper found this pass.
SIH26080,Regime-Aware AI Post-Processing of Monsoon Rainfall Forecasts,Software,Disaster Management,Ministry of Earth Sciences (MoES),National Centre for Medium Range Weather Forecasting (NCMRWF),3.47,MEDIUM,3.17,NO,SIH25042,Identifying Taxonomy and Assessing Biodiversity from eDNA Datasets,0.188,3,20 September 2026,0/500,,,,80,"• Problem Statement Rainfall forecast errors over India vary with weather regimes such as active monsoon, break monsoon, monsoon lows/depressions, orographic rainfall, coastal rainfall and western disturbances. A single bias-correction method may not work equally well in all situations.The challenge is to build an AI/ML-based rainfall post-processing system that first identifies the prevailing weather regime and then applies suitable correction to the raw NWP rainfall forecast.The aim is to improve district/grid-level rainfall forecasts, especially for heavy and very heavy rainfall events. • Expected Outcome Expected Outcome - Description: Weather regime classifier - Classification of active, break, depression,coastal/orographic rainfall regimes Bias-corrected rainfall forecast - Improved rainfall forecast compared to raw NWP output Heavy rainfall probability - Probability of rainfall exceeding operational thresholds District-level rainfall product - User-friendly rainfall forecast table/map Verification report - Skill comparison using RMSE, ETS, CSI, POD, FAR and FSS",Not found,Not applicable,ERA5 via Copernicus CDS,"IMD bulletins (mausam.imd.gov.in), not structured data","Research-paper repos on monsoon-regime classification exist scattered on GitHub, not unified","Monsoon-regime-classification research exists in climate journals (not IEEE) — approach is established in meteorology literature, not computer-science venues."
SIH26101,"Develop an AI enabled learning platform that identifies competency gaps, recommends personalized training through integration with the iGOT Karmayogi ecosystem, and capable of generating Quizzes and Multiple choice questions (MCQs) from uploaded learning materials to strengthen capacity building in India's Official Statistical System.",Software,Smart Education,MoSPI,Data Informatics & Innovation Division (DIID),5.42,HIGH - avoid,5.22,NO,SIH25020,Development of indigenous contactless Integrated Track Monitoring Systems (ITMS) for Track Recording on Indian Railways,0.112,1,20 September 2026,0/500,"nssta.gov.in, mospi.gov.in",,,101,"• Background India's statistical system is undergoing rapid technology advancement with increasing adoption of Artificial Intelligence (AI), Machine Learning (ML), Big Data Analytics, GIS, cloud computing, and modern statistical methodologies. Officials engaged in data collection, processing, analysis, dissemination, and policy support require continuous upskilling to meet evolving technological and domain-specific requirements. While the iGOT Karmayogi platform offers a vast repository of learning resources, officials often face challenges in identifying the most relevant courses aligned with their job roles, current competencies, and future skill requirements. Presently, there is no intelligent mechanism that performs comprehensive skill-gap assessment and recommends personalized learning pathways specifically for professionals working in Official Statistics. Artificial Intelligence (AI) and emerging digital technologies are rapidly transforming the way organizations operate, deliver services, and make decisions. However, many organizations face challenges such as limited AI awareness, skill gaps, inadequate technical expertise, and the absence of structured, scalable training mechanisms. Traditional training approaches often lack personalization, continuous assessment, and real-time learner support, making it difficult to meet diverse learning needs. An AI enabled Learning Management System can assess learners existing competencies through learner’s profile, identify skill gaps, and recommend personalized training through integration with the iGOT Karmayogi platform based on job roles, experience levels, and organizational requirements. Through adaptive learning modules, AI powered virtual assistants, automated assessments, and realtime feedback mechanisms, learners receive targeted training that improves engagement and learning outcomes. The LMS supports continuous capacity building by offering structured courses, hands-on exercises, virtual labs on emerging technologies such as Artificial Intelligence, Data Science, Cloud Computing, Cybersecurity, and Automation. AI driven analytics and dashboards enable organizations to monitor learner progress, evaluate training effectiveness, predict future skill requirements, and make informed decisions regarding workforce development. By integrating personalized learning, competency mapping, performance monitoring, and intelligent content delivery, the AI enabled LMS ensures effective adoption of emerging technologies and helps create a future-ready, digitally skilled workforce. • Detailed Description The proposed solution aims to develop an AI-enabled Skill Intelligence and Learning Platform that strengthens capacity building for officials engaged in India's Official Statistical System by integrating with the iGOT Karmayogi ecosystem. The platform should leverage Artificial Intelligence to assess competencies, identify skill gaps, and recommend personalized learning pathways aligned with each official's job role, responsibilities, and career progression. The system should automatically create a comprehensive competency profile for every official using information such as designation, department, job role, current assignment, educational qualifications, work experience, and previous trainings. Based on this profile, the platform should evaluate the official's existing competencies against predefined competency frameworks for Official Statistics and identify knowledge and skill gaps. The AI engine should map competencies across multiple domains, including: • Statistical Competencies: Survey Design, Sampling, National Accounts, Price Statistics, Labour Statistics, Agricultural Statistics, Industrial Statistics, SDG Indicators, Metadata Standards, and Data Quality Frameworks. • Technical Competencies: Python, R, SQL, Stata, SPSS, SAS, GIS, Data Visualization, AI/ML, Cloud Computing, APIs, and Open Data. • Digital Governance: Cybersecurity, Data Privacy, Digital Signatures, Government Cloud, and Digital Public Infrastructure. • Behavioural and Managerial Competencies: Leadership, Communication, Project Management, Ethics, Decision Making, and Change Management. Using AI techniques such as Machine Learning, Natural Language Processing (NLP), Large Language Models (LLMs), semantic search, and competency mapping, the platform should recommend personalized learning pathways from the iGOT Karmayogi course repository. Recommendations should consider the official's current competency level, previous learning history, departmental priorities, future job requirements, emerging technologies, and career progression. The platform should integrate seamlessly with iGOT Karmayogi APIs to retrieve course catalogues, recommend relevant courses, monitor enrolment and completion status, and update competency scores automatically. To support continuous learning, the solution should provide AI-powered virtual assistants for learner support, adaptive assessments, interactive learning modules, virtual laboratories, quizzes, and multilingual learning resources. The system should continuously monitor learner progress and dynamically update recommendations based on performance and newly acquired competencies. To strengthen capacity building, the platform should support AI powered Intelligent Assessment Engine capable of generating objective type questions (MCQs), and quizzes from uploaded learning materials such as documents, presentations, videos etc. It should provide instant evaluation, explanations for correct answers, and personalized feedback to reinforce learning outcomes. This feature should enable trainers to automatically create assessments and quizzes, and evaluate learner understanding, and provide instant feedback, thereby enhancing continuous learning and competency assessment. The engine should leverage Large Language Models (LLMs), Natural Language Processing (NLP), etc. A comprehensive analytics dashboard should be provided for both employees and administra",Not found — generic personalized-learning space,"NSDC/skill-taxonomy adjacent datasets may exist, not verified",Not applicable,Not checked,No dedicated repo found,"Generic personalized-learning/competency-gap literature is vast but not distinctively citable for this PS — expected, since it's a broad EdTech pattern with no single defining paper."
SIH26104,AI-Powered Real-Time Detection and Prevention of Voice Cloning Impersonation Attacks,Software,Miscellaneous,All India Council for Technical Education (AICTE),Cyber Security Cell,2.31,MEDIUM,2.31,NO,SIH25058,Detection and Prevention of Tampering in Weighing and Measuring instruments,0.294,0,20 September 2026,0/500,,,,104,"• Background Recent advancements in generative AI and neural speech synthesis have made high-fidelity voice cloning possible from only a few seconds of recorded audio. Threat actors are exploiting these capabilities to impersonate CXOs,government officials, and trusted individuals in order to initiate fraudulent financial transactions, manipulate employees,or bypass verification procedures in high-risk workflows. Conventional call verification methods-such as caller ID, manual call-back, and basic voice familiarity-are no longer sufficient to distinguish genuine callers from AI-generated or manipulated voices, especially in high-pressure social engineering scenarios. These attacks are increasingly orchestrated over VoIP, mobile networks, and enterprise collaboration platforms,sometimes combined with leaked personal information to create highly convincing narratives. The absence of automated detection of synthetic or cloned voices in real time significantly increases the likelihood of large-scale financial fraud and reputational damage to institutions that rely heavily on telephonic instructions and approvals. • Problem Statement Current telephony and communication ecosystems lack a robust, AI-driven mechanism to detect and flag voice cloning or synthetic speech impersonation during live calls. Existing solutions rarely perform granular analysis of acoustic artifacts, prosody, and speech generation patterns and typically cannot provide an actionable risk score while the conversation is ongoing.There is a need for an end-to-end security framework that can analyze incoming voice streams in near real time,determine the likelihood that the caller is using a cloned or AI-generated voice, and provide timely alerts and recommendations before sensitive actions-such as approval of fund transfers or disclosure of confidential information-are taken. The solution must be privacy-preserving, scalable across telecom and enterprise environments, and support multilingual contexts with diverse Indian accents and dialects. • Proposed Solution Develop an AI-powered, real-time voice integrity verification framework that integrates advanced deep learning,digital signal processing, and contextual analysis to detect AI-generated or manipulated voices. The system should continuously process live or near live audio streams from telephony, VoIP, and collaboration platforms,extract discriminative features, and compute a dynamic impersonation risk score.The framework should expose APIs and SDKs for seamless integration with banking applications, enterprise communication systems, and telecom operator infrastructures, enabling proactive fraud prevention and enhanced cyber resilience in voice channels. • Key Components • Multi-Layer Voice Authenticity Analysis o Acoustic and spectral analysis using deep learning models to detect synthesis artifacts, phase inconsistencies, and spectral signatures indicative of cloned or AI-generated audio. o Prosody and behavioral analysis to model speech rhythm, pitch contours, pauses, and microvariations, differentiating natural human speech from neural TTS outputs. o Cross-session consistency checks comparing ongoing call features against historical genuine samples (where available) to detect anomalies in speaker identity. • Real-Time Risk Scoring Engine o Continuous computation of a confidence/risk score indicating the probability of impersonation or synthetic speech. o Threshold-based alerting logic configurable for different risk scenarios (for example, high-value transaction calls, privileged access approvals). o Contextual enrichment using metadata such as call origin, known contact information, transaction context, and historical fraud indicators. • Alerting and User Interaction Layer o Multi-channel alert mechanisms (UI prompts, SMS/email, in-app notifications) for frontline staff and end users. o Pre-transaction warning prompts recommending secondary verification such as call-back, multifactor authentication, or escalation to supervisors. o Configurable workflows for banks,enterprises, and government agencies to define automated responses when impersonation risk crosses thresholds. • Privacy and Compliance Module o Minimal retention of voice recordings with options for on-device or edge inference to reduce central storage of sensitive audio data. o Support for anonymization or feature-only logging to comply with data protection and privacy requirements. • Platform and Integration APIs o REST/gRPC APIs and SDKs for integration with core banking systems, contact center platforms, enterprise communication tools, and telecom networks. o Support for multiple Indian languages and regional accents through language-agnostic feature extraction and language-specific acoustic models. • Expected Outcomes • Significant reduction in financial fraud and social engineering incidents driven by voice cloning and AIenabled impersonation. • Improved trust and assurance in voice-based communication channels for individuals, financial institutions, enterprises, and government organizations. • Early detection of AI-driven social engineering attacks, enabling proactive containment and incident response. • A reusable security layer for telecom operators and enterprises that strengthens overall cyber resilience and aligns with national cybersecurity objectives.",Not found,"ASVspoof mirrors may exist on Kaggle, primary source is the official ASVspoof challenge site","Not applicable directly (ASVspoof is hosted by University of Eastern Finland, not EU portal)",Not applicable,"asvspoof.org + github.com/asvspoof-challenge — official open challenge data and baseline code, very well documented","Strong — ASVspoof is itself a recurring peer-reviewed challenge series (INTERSPEECH-affiliated) with an extensive paper trail; baseline architectures (RawNet2, AASIST) are published, peer-reviewed, and open-source."
SIH26114,Smart City Site Planning using Autodesk Forma Site Design,Software,Smart Automation,Autodesk,Autodesk Education Experience,-2.47,LOW - target these,3.33,NO,SIH25081,AI-Driven Train Induction Planning & Scheduling for Kochi Metro Rail Limited (KMRL),0.198,8,20 September 2026,0/500,,,,114,"• Description • Students are tasked with designing a Smart City using Forma Site Design for effective site design for adding details to the buildings in the site. • The Site area selected must have minimum 1 km square area • The goal is to design and develop a site including the contextual data (available for free within Forma Site Design) and export Site BIM model suitable for further use in Revit app. • The Site designed must include Site Limits, Landscaping, Buildings, and Transportation elements. • The Site designed must be analyzed using the Analyze functions available within Forma Site Design for Area Metrics, Embodied Carbon, Sun hours, Daylight potential, Wind Analysis, Microclimate analysis, Noise analysis, Solar Energy. • Minimum 2 Site Design proposals must be compared and presented using the Forma Borad available within Forma Site Design. • Objective Urban populations continue to grow rapidly, creating the need for smarter, more sustainable, and resilient cities. Planners, architects, and engineers must leverage data-driven design tools to evaluate site performance, optimize land use, and improve the quality of life for future residents.In this project, students are tasked with designing a Smart City Development using Autodesk Forma Site Design for site planning and analysis, and Autodesk Revit for detailed building development. • Participation Guidelines For Idea Submission: • Each student team should submit Forma Site Design with 2 proposals that are compared for their and a Forma Site Design PowerPoint presentation (5-7 Slides). • Models should be created using only Forma Site Design and not copied or taken from any other source. • AI Generated content is NOT ALLOWED. For Grand Finale: Students must use Forma Site Design to design, and create 3D Model of specific office building within the given time period and present the following to the jury members: • PPT explaining the final Site Design proposal • Detailed and synced drawing block of a building exported, edited in Revit app and then synced to Forma Site Design. • Presentation of the Proposal Comparison done through Forma Board • Rendered images and Walkthrough video (30 secs.) of the final Model. Note: Teams coming with pre-designed files will be disqualified. • Attach Marking Criteria Table here* • Faculty (SIH SPOC) Form Teams choosing to submit idea for Autodesk’s problem statement are required to request their faculty (SIH SPOC) to fill this 'Mandatory Form'. • Autodesk Forma Site Design • Autodesk Forma Site Design is a complete Site Design and Site Analysis web app built on native Forma AI HUB primarily used by architects, engineers, and construction professionals to design, model, and document the site and present proposal for approvals. • Educators and Students can download 'Autodesk Forma Site Design'. • Essential workflow and learning access Click Here to get FREE access to Forma Site Design.","Not applicable — proprietary Autodesk tool, no external dataset needed",Not applicable,Not applicable,Not applicable,Autodesk Forma sample projects are within the tool itself,"Not applicable — proprietary Autodesk tool workflow, not a research literature domain."
SIH26120,Digital Twin for Well-to-Surface Optimization of Cyclic Steam Stimulation (CSS) and Sucker Rod Pump (SRP) Operations for Heavy Oil Wells of Baghewala Field.,Software,Smart Automation,Oil India Limited,Oil India Limited,-4.17,LOW - target these,3.33,NO,SIH25072,Design and Implementation of Solar-Powered Dewatering in Mining Operations.,0.142,0,20 September 2026,0/500,,,,120,"• Background Baghewala Field in Rajasthan produces heavy crude oil (17–19° API) from the Jodhpur Sandstone reservoir. The reservoir is characterized by High crude viscosity, High asphaltene content, Low reservoir pressure, Low reservoir temperature (46–48°C) and Poor oil mobility under primary recovery. Consequently, artificial lift and thermal enhanced oil recovery are critical for sustained production. At present, CSS cycle design and SRP operation are optimized separately using historical experience. As reservoir temperature declines after steam injection, crude viscosity increases, leading to reduced pump efficiency, higher energy consumption, rod floating issues, rod failures and lower oil recovery. There is a need for an integrated, data-driven system that continuously optimizes both CSS and artificial lift operations. • Problem Description Current operations face the following challenges: • CSS parameters (steam volume, injection pressure, soak time and production cut-off) are largely based on historical practices. • SRP operating parameters (stroke length, SPM and VFD settings) are adjusted manually and reactively. • Heavy crude causes rod floating, impact loading, frequent pump unsetting, rod failures and increased maintenance. • Reservoir behaviour, wellbore conditions and SRP performance are not optimized together. • Lack of predictive analytics results in higher Steam-Oil Ratio (SOR), increased energy consumption and reduced production efficiency. • Expected Outcome / Solution Develop an AI-enabled Well-to-Surface Digital Twin that integrates reservoir, wellbore and surface production systems to provide real-time monitoring, prediction and optimization. The solution should: • Optimize CSS cycle parameters. • Predict reservoir heating, cooling and production performance. • Continuously optimize SRP operation by adjusting stroke speed and SPM based on well conditions. • Detect rod floating and minimize impact loading. • Improve pump efficiency and equipment reliability. • Optimize steam and energy consumption while reducing operating cost. • Expected Benefits • Increased oil production and recovery. • Reduced Steam-Oil Ratio (SOR). • Lower energy consumption per barrel. • Reduced rod failures and pump unsetting. • Improved equipment life and operational reliability. • Data-driven and predictive decision making. • Relevant Data Availability The field has sufficient historical and operational data, including: • Production history • CSS cycle records • Steam injection parameters • VFD and SRP operating data • Rod failure and pump unsetting history • Well completion and reservoir data • Fluid properties and pressure data",Not applicable (India-specific mineral data doesn't cover petroleum reservoir engineering),Volve dataset is mirrored on Kaggle by community uploads (search 'Volve field'),"Not applicable (Volve is Norwegian/Equinor, technically EU-adjacent but hosted separately)",Not applicable,"Equinor's official Volve dataset release is documented at github.com/equinor (search 'volve-data-village') — fully open, real field data","Extensive petroleum-engineering literature exists on the Volve dataset specifically (dozens of papers use it as a benchmark for reservoir ML) though mostly in SPE/petroleum journals rather than IEEE. Well-supported academically, just outside IEEE's usual scope."
SIH26122,Intelligent Data Capture & Schedule-Linking Layer for Infrastructure Project Management: Real-Time Actual Progress Tracking (Planning-to-Execution Bridge),Software,Smart Automation,Oil India Limited,Oil India Limited,0.03,MEDIUM,3.33,NO,SIH25006,Development of a Digital Farm Management Portal for lmplementing Biosecurity ileasures in Pig and Poultry Farms,0.154,1,20 September 2026,0/500,,,,122,"• Background Infrastructure project schedules cascade from macro milestones (L1) down to micro, executable activities (L5/L6),spanning multiple engineering disciplines - civil, piping, static/rotating equipment, electrical, instrumentation, HSE- each executing and reporting in parallel. While the baseline plan is well-structured (Primavera/MS Project), actual execution data flows back through daily progress reports, site diaries, discipline-wise spreadsheets, and verbal supervisor updates, each in its own format and cadence, largely disconnected from the L5/L6 activity IDs in the plan. • Problem Description There is no reliable, low-friction mechanism to capture actual start/end times of L5/L6 activities across disciplines and auto-link them back to the plan. Input quality varies with manpower skill, reporting discipline, and format.Field execution is often more granular than the planned WBS, and different disciplines describe the same physical progress differently (e.g., 'spool erected' vs. the plan's 'Erect Line 24?-XX').Consequently: ? Actual progress data is fragmented, delayed, and inconsistently structured across disciplines and contractors. ? Manual reconciliation with the baseline schedule is slow, error-prone, and often lags the schedule update cycle by days or weeks. ? Downstream performance analytics, delay/ risk analysis, and forecasting inherit this poor-quality, late data- undermining the AI performance-monitoring stack that depends on it. ? Once a project closes, the hard-won knowledge of what actually happened - real durations, real bottlenecks,real deviations from plan - is rarely captured in a structured, queryable form, so it is lost rather than feeding future project planning. • Expected Outcome/Solution ? Ingest heterogeneous discipline-wise inputs - free-text daily reports, spreadsheets, scanned diaries,Primavera/MS Project exports - and extract activity-level actual start/end events. ? Offer an LLM-based conversational or voice interface ('time agent') for site supervisors across disciplines to log activity start/end with minimal friction, replacing rigid manual forms while still producing structured output. ? Fuzzy-match and link extracted discipline-specific activity descriptions to the correct L5/L6 plan node,handling terminology differences and granularity mismatches, and flag unmatched/new activities for planner review rather than silently dropping them. ? Auto-update actual start/end dates in the schedule/PMIS in near real time, with a confidence score and audit trail per entry. ? Produce a clean, structured, discipline-tagged actual-progress dataset that serves two purposes: (a) live input for performance analytics, delay/risk pattern discovery, and forecasting, and (b) a foundation for institutional memory building - a growing, queryable repository of real project execution patterns (actual durations, recurring delay causes, discipline-wise productivity) that future projects can learn from, instead of that knowledge staying locked in individual supervisors' experience or scattered paper records. A working prototype demonstrating ingestion of 2–3 varied input formats (e.g., a free-text daily report and a discipline spreadsheet), extraction, and schedule-linking logic would be ideal; full production-grade OCR/ASR is not required. • Relevant Data Availability Anonymized/ sample daily progress report formats, sample L5/L6 schedule extracts, and illustrative discipline-wise (civil/ piping/ electrical) site-diary or spreadsheet templates can be shared under NDA with Institute/ Authorised person. Live project data will not be shared; teams should work with synthetic/sample data of similar structure.",Not found,No infrastructure-scheduling dataset found,Not applicable,Not checked,No dedicated repo found,"No specific literature found for 'infrastructure project schedule-linking from unstructured text' as a defined research problem — treat as an applied NLP/entity-extraction engineering task, not literature-driven."
SIH26132,Strengthening market linkages and price discovery for farmers,Software,"Agriculture, FoodTech & Rural Development",Government Of Maharashtra,"Maharashtra State Innovation Society, Department of Skills, Employment, Entrepreneurship and Innovation",7.63,HIGH - avoid,4.13,NO,SIH25030,Al-Based Crop Recommendation for Farmers,0.263,5,20 September 2026,0/500,,,,132,"• Problem Description Many farmers, especially smallholders and producer groups, have limited visibility of current and expected prices across nearby markets, processors,institutional buyers and digital trading channels. Information on quality specifications, demand, logistics,storage, payment reliability and buyer credentials may be fragmented. Farmers may sell immediately after harvest because of liquidity or storage constraints and may have weak bargaining power. Buyers, meanwhile,may struggle to aggregate consistent volumes and verify quality. The challenge is to improve transparent price discovery and create reliable, efficient linkages from farm gate to suitable buyers. • Expected Solution / Outcome A market-intelligence and transaction enablement solution that aggregates mandi prices, buyer demand, quality requirements, arrival volumes, transport and storage options; provides localised price trends and sale-window recommendations; matches farmers/FPOs with verified buyers; enables lot creation, quality grading,digital offers, logistics coordination and payment tracking; and supports dispute or grievance processes. Expected outcomes include improved farmer price realisation, reduced information asymmetry, lower transaction cost,stronger FPO aggregation, reduced post harvest loss, more reliable buyer sourcing and transparent transaction records.","Not found directly, but check AIKosh for 'Agmarknet' mirrors",Agmarknet-derived Kaggle datasets exist (search 'Agmarknet mandi prices'),Not applicable,"Agmarknet (agmarknet.gov.in / data.gov.in) — real daily mandi price data, confirmed open and genuinely excellent","No dedicated repo verified, but several student projects on GitHub already scrape/wrap Agmarknet","Agricultural market-linkage/price-discovery literature using Agmarknet-style data exists in agricultural economics journals; not IEEE, but real applied precedent exists."
SIH26147,Automated model for analysis of .IQ and .wav files along with signal parameter extraction,Software,Miscellaneous,National Technical Research Organisation (NTRO),National Technical Research Organisation (NTRO),-2.09,LOW - target these,2.31,NO,SIH25035,Sentiment analysis of comments received through E-consultation module,0.172,3,20 September 2026,0/500,,,,147,"• Background The raw data for analysis of signal collected off the air typically range from few Khz to Ghz bands. The analysis is being carried out manually to identify the signal parameters and the resultant data is then utilised for processing signals in the designated sensors. This data is often insufficient for fine grain analysis for parameter extraction such as modulation type, sampling rate, FEC, interleaving, etc. This creates a need for advanced data processing to extract the observation data. • Description The terrestrial signals received from various sources includes data in HF, VHF and UHF bands. The raw data collected in the form of .wav or .IQ format to retain the characteristics of wave form. The analysis of signals is primarily dependent on the basic characteristics of data points selected during recording of these signals. Since the data point are recorded from different sensors and different locations, the parameters may vary. Therefore, the data available for analysis is often insufficient to clearly identify fine details such as sampling rate, modulation type, interleaving, FEC etc. This limitation reduces the accuracy and confidence of interpretation and data analysis that require detailed information. The data saved as .IQ and .wav have different parameters and therefore they store the raw information in different format. These files have to be processed in different ways for signal analysis to extract signal parameters. The problem can be addressed using advanced models such as GNU Radio, python, C++ to enhance the parameter extraction capability and more information rich inputs. The spectral relationship from training data containing both .IQ and .wav formats can be utilised for identifying signal parameters and carry out deeper analysis. The expected solution should be able to demodulate signals. The GUI based model will have features to take .IQ or .wav file as input data and perform following tasks. i.Identify signal parameters (Sampling frequency, Modulation, FEC, Interleaving). Additional features if feasible may be included. ii.Demodulate signals (FSK, QAM PSK) iii.Carry out de-interleaving (Block, Convolution, Diagonal, Pseudo Random). iv.FEC (short-constrained convolution codes with Viterbi decoding, RS block codes, Concatenated codes, LDPC). v.Bit stream correlation. • Expected Solution The expected system should improve feature visibility of signals with the help of GUI, enable automated signal analysis to identify spectral features such as sampling frequency, constellation plot, water fall (time-frequency domain), demodulate signals, carry out de-interleaving and error correction. The output can then be used to carry out correlation of bit stream for identification of header and payload.","Not applicable (defence/signals, not India-open-data scope)",RadioML mirrors exist on Kaggle (search 'RadioML'),Not applicable,"Official source is DeepSig (deepsig.io/datasets), not a .gov portal","TorchDSP/torchsig and brysef/rfml — both open, well-documented, directly usable for the ML half of this PS","Strong — RadioML (RML2016.10a, RML2018.01a) has an extensive peer-reviewed history: arXiv/IEEE papers on 'robust models in modulation recognition', 'Automatic Modulation Classification with Deep Neural Networks' (cites official GitHub baseline), TorchSig (open toolkit, Sig53 benchmark dataset paper). Well-documented technical literature."
SIH26150,"Development of a Multi-Vendor DVR/NVR Forensic Analysis Tool for Standardized Acquisition, Recovery, and Analysis of Surveillance Evidence.",Software,Blockchain & Cybersecurity,National Technical Research Organisation (NTRO),National Technical Research Organisation (NTRO),-2.57,LOW - target these,4.03,NO,SIH25007,Development of a Digital Farm Management Portal for Monitoring aximum Residue Limits (MRL) and Antimicrobial Usage (AMU) in Livestock,0.149,3,20 September 2026,0/500,,,,150,"• Background Digital/Network Video Recorders (DVR/NVRs) are widely used for surveillance in government agencies, law enforcement, critical infrastructure, businesses, and residential environments. Major DVR/NVR manufacturers such as Dahua Technology, CP Plus, Honeywell Security, TP-Link, Godrej, Uniview, HIKVISON, and Matrix use proprietary storage formats, file systems, metadata structures, and video encoding mechanisms. During forensic investigations, surveillance footage serves as crucial digital evidence; however, the lack of standardization across DVR/NVR vendors makes acquisition, recovery, analysis, and validation difficult. Investigators often rely on multiple vendor-specific tools, resulting in increased investigation time, inconsistent results, timestamp synchronization issues, challenges in deleted footage recovery, and difficulties in maintaining evidence integrity. Therefore, a unified vendor-agnostic DVR/NVR forensic analysis platform is required to provide standardized workflows for evidence acquisition, recovery, analysis, validation, and reporting. • Description The proposed solution aims to overcome challenges such as non-standard forensic acquisition methods, proprietary file systems and video formats, difficulty in recovering deleted or damaged recordings, inconsistent timestamps, limited event correlation across cameras, challenges in maintaining chain of custody, dependence on multiple tools, lack of standardized reporting, and limited use of intelligent video analytics. The tool should support major DVR/NVR OEMs including Dahua Technology, CP Plus, Honeywell Security, HIKVISON, TP-Link, Godrej, Uniview, Matrix, and other commonly used platforms. It should automatically identify DVR models, parse proprietary file systems, create forensic images, extract videos and metadata, decode proprietary formats, recover deleted footage, normalize timestamps, generate cryptographic hashes (MD5 and SHA-256), correlate events across cameras, maintain chain-of-custody records, generate reports, and perform AI-based analytics such as face, object, and motion detection. Key modules include Device Identification, Acquisition, File System & Format Parsing, Recovery, Timeline Analysis, Reporting, and Machine Learning. • Expected Solution The expected outcome is a software-based forensic platform capable of performing standardized acquisition, recovery, analysis, validation, and reporting of surveillance evidence across multiple DVR/NVR vendors. The solution should support at least five to six major DVR/NVR OEMs (Dahua Technology, CP Plus, Honeywell Security, TP-Link, Godrej, Uniview, HIKVISON and Matrix), provide a unified forensic workflow, reduce dependency on vendor-specific tools, automate evidence acquisition and analysis, improve deleted video recovery, ensure evidence integrity and admissibility, and generate comprehensive forensic reports. Deliverables include a comparative analysis of major DVR/NVR OEMs (Dahua Technology, CP Plus, Honeywell Security, TP-Link, Godrej, Uniview, and Matrix), DVR/NVR forensic Image, system architecture documentation, a functional prototype, Standard Operating Procedures (SOPs), validation reports, user manuals, and a final project report. The tool should successfully parse proprietary file systems, decode video formats, recover deleted recordings,verify evidence integrity through cryptographic hashing, generate standardized reports, reduce analysis time, and produce reliable and legally defensible forensic results.",Not applicable,"No DVR/NVR forensic dataset found (security-sensitive, expected)",Not applicable,Not applicable,No dedicated open dataset; ffmpeg/hachoir (format-parsing libraries) are the reusable open-source components,"General digital/video forensics literature is broad (IEEE Trans. Info Forensics & Security publishes this area regularly) but no DVR/NVR-specific consumer-format paper found this pass — likely because proprietary format reverse-engineering isn't typically published (security-sensitive, matches file's earlier note)."
SIH26159,SecureMailScope: AI-Assisted Cryptographic Security Posture Assessment for Secure Email Communications,Software,Blockchain & Cybersecurity,National Technical Research Organisation (NTRO),National Technical Research Organisation (NTRO),-1.77,LOW - target these,4.03,NO,SIH25065,Designing and development of an application for on spot assessment of Roof Top Rain water harvesting and artificial recharge potential and size of the RTRWH and AR.,0.157,3,20 September 2026,0/500,"Synthetic - Participants May generate IMAPS, POP3S,SMTPS Data using any E-mail server /client of their interest and capture pcap dump",,,159,"• Background Electronic mail remains one of the most critical communication services for governments, enterprises, financial institutions, and academic organizations. Despite the widespread adoption of Transport Layer Security (TLS), many SMTP, IMAP, and POP3 deployments continue to suffer from cryptographic misconfigurations such as obsolete TLS versions, weak cipher suites, insecure STARTTLS implementations, expired or improperly configured certificates, and non-compliance with modern security standards. These weaknesses expose email infrastructures to downgrade attacks, man-in-the-middle attacks, passive interception, and other cryptographic threats. Although existing network analysis tools provide extensive packet-level visibility, they primarily focus on protocol decoding and traffic inspection. They do not automatically evaluate the overall cryptographic security posture of email communications or provide intelligent risk assessment and prioritization for security analysts. • Description Design and develop an AI-assisted passive network forensic framework capable of analyzing captured network traffic (PCAP files) containing SMTP, IMAP, and POP3 communications to automatically assess the cryptographic security posture of enterprise email infrastructures. The proposed solution shall reconstruct complete email communication sessions, identify encryption transitions, analyze TLS negotiations, validate digital certificates, detect cryptographic weaknesses, and leverage Artificial Intelligence/Machine Learning techniques to classify security risks, detect anomalous TLS behavior, and generate actionable security recommendations. The framework should assist Security Operations Centers (SOC), Digital Forensics teams, Incident Response teams, and enterprise administrators in rapidly identifying cryptographic vulnerabilities, prioritizing remediation efforts, and ensuring compliance with modern cryptographic best practices. • Objectives- The proposed system should be capable of: • Passive analysis of encrypted SMTP, IMAP, and POP3 traffic from PCAP files. • Automatic identification of application-layer email protocols. • Detection of STARTTLS negotiation and encrypted session upgrades. • Reconstruction of complete TCP communication streams. • Parsing and reconstruction of TLS handshakes. • Extraction and validation of X.509 digital certificates. • Identification of negotiated TLS versions, cipher suites, and key exchange mechanisms. • Detection of deprecated protocols, weak cipher suites, insecure cryptographic algorithms, and certificate-related vulnerabilities. • Extraction of cryptographic features for intelligent analysis. • Application of AI/ML techniques for: • Cryptographic risk classification. • Detection of anomalous TLS behavior. • Security posture scoring. • Threat prioritization. • Recommendation of mitigation measures. • Generation of comprehensive forensic reports and security dashboards. Expected Solution/Deliverables: The solution should provide the following outputs: • Automatic identification of SMTP, IMAP, and POP3 protocols. • STARTTLS negotiation detection and validation. • Complete TCP stream reconstruction. • TLS handshake reconstruction. • Detection of negotiated TLS versions. • Identification of negotiated cipher suites. • Identification of key exchange mechanisms. • Extraction of X.509 certificates. • Certificate chain validation. • Certificate expiration analysis. • Public key algorithm and key length analysis. • Digital signature algorithm identification. • Detection of weak cryptographic algorithms and deprecated TLS versions. • Identification of insecure protocol configurations. • Forward Secrecy assessment. • AI-based cryptographic risk scoring. • AI-assisted anomaly detection for suspicious TLS sessions. • Prioritized security findings. • Comprehensive cryptographic security posture assessment. • Exportable forensic reports in JSON, PDF, and HTML formats. • Interactive visualization dashboard for security monitoring and analysis.",Not applicable — self-generated,Not applicable,Not applicable,Not applicable,"testssl.sh (github.com/drwetter/testssl.sh) — mature open-source tool, directly usable as your scanning engine","Not literature-driven — testssl.sh and email cryptographic posture assessment is a security-tooling domain, documented via tool docs/RFCs (DMARC/SPF/DKIM specs) rather than academic papers."
SIH26160,AI-Powered IPsec VPN Protocol Analyzer and Security Assessment Framework,Software,Blockchain & Cybersecurity,National Technical Research Organisation (NTRO),National Technical Research Organisation (NTRO),-1.77,LOW - target these,4.03,NO,SIH25073,Al-Powered Mobile Platform for Democratizing Sports Talent Assessment,0.287,2,20 September 2026,0/500,,,,160,"• Background Virtual Private Networks (VPNs) are fundamental to secure communication over untrusted networks. Among the available VPN technologies, IPsec is widely adopted across enterprise, government, military, and cloud infrastructures because of its ability to provide confidentiality, integrity and authentication. However, the security of an IPsec deployment depends on multiple factors, including the chosen cryptographic algorithms, authentication mechanisms, key exchange protocols, and operational mode (Tunnel or Transport). Misconfigurations, outdated cipher suites, improper key management, or protocol implementation flaws can significantly weaken the overall security posture. Traditional protocol analysis tools provide packet-level visibility but often require expert interpretation. There is a growing need for intelligent systems capable of automatically analyzing IPsec deployments, identifying protocol characteristics, assessing security risks, and generating actionable recommendations. • Description: Design and develop an AI-driven protocol analysis platform capable of automatically analysing IPsec VPN deployments established under different security configurations. The platform should inspect captured traffic or live network streams, identify protocol characteristics, infer VPN operating modes, evaluate cryptographic configurations and generate an automated security assessment report. The solution should assist analysts in understanding the security posture of IPsec deployments without requiring manual packet inspection. Participants are expected to develop an intelligent framework capable of performing the following tasks. a) VPN Testbed Generation: Develop a laboratory environment capable of establishing IPsec VPNs using multiple configurations. The framework should support variations such as: • Tunnel Mode • Transport Mode • AES-128 • AES-256 • AES-GCM • AES-CBC + HMAC • Different DH Groups • Perfect Forward Secrecy enabled/disabled • IPv4 and IPv6 communication • Different types of traffic – VoIP, Whatsapp, E-mail, Web-browsing, ICMP, Video streaming etc. b) Traffic Capture: Acquire network traces using tools such as Wireshark, TCP-dump, Custom packet capture utilities. Captured dataset should include • IKE negotiation • ESP packets • AH packets (optional) • Normal communication c) AI-Based Protocol Identification: Develop an AI engine capable of automatically identifying • IPsec protocol • IKE version • Tunnel Mode • Transport Mode • Encryption algorithm • Authentication algorithm • Key exchange method • Security Association characteristics • Predict Type of traffic inside ESP-IPsec d) Security Assessment: The framework should automatically evaluate • Cryptographic strength • Configuration compliance • Security Association parameters • Key lifetime • Replay protection • Forward Secrecy configuration • Cipher suite strength • Metadata exposure e) The output should include a comprehensive security score, traffic analysis and metadata inference. Automatically generate • Executive Report & Technical Report • Risk Score • Threat Matrix • AI Confidence Score • Expected Solution/Deliverables: • Working software prototype • AI classification engine • Interactive dashboard • Security assessment report • Demonstration video • Technical documentation • Dataset used for training/testing",Not applicable — self-generated,Not applicable,Not applicable,Not applicable,"Scapy (github.com/secdev/scapy) — mature packet-manipulation library, directly usable","Same as above — IPsec/IKE protocol analysis is grounded in RFCs and security-tool documentation (Scapy, Wireshark), not conference literature."
SIH26162,"AI-Based Detection and Classification of Industrial Fires and Persistent Thermal Sources Using NASA FIRMS, OSM & Satellite Data",Software,Miscellaneous,National Technical Research Organisation (NTRO),National Technical Research Organisation (NTRO),-1.49,LOW - target these,2.31,NO,SIH25058,Detection and Prevention of Tampering in Weighing and Measuring instruments,0.197,0,20 September 2026,0/500,firms.modap.eosdis.nasa.gov/map,,,162,"• Background Industrial facilities generate thermal signatures that can be observed from space, but current satellite-based monitoring systems like NASA FIRMS cannot distinguish between different types of thermal anomalies. To address this, there is a challenge to develop an AI-enabled geospatial system that integrates thermal data, land-cover information, industrial databases, and satellite imagery to automatically identify, classify, and monitor industrial fires and persistent thermal sources. • Description Industrial facilities such as oil refineries, petrochemical complexes, thermal power plants, steel industries, mining areas, and LNG terminals generate thermal signatures that can be observed from space. In addition, accidental industrial fires, gas leaks, explosions, and abnormal thermal events pose significant risks to critical infrastructure, public safety, and the environment. Current satellite-based fire monitoring systems such as NASA FIRMS provide thermal anomaly detections but do not distinguish between industrial fires, gas flares, agricultural burning, mining activity, and wildfires. The challenge is to develop an AI-enabled geospatial system that can automatically identify, classify, and monitor industrial fires and persistent thermal sources by integrating thermal anomaly data, land-cover information, industrial infrastructure databases, and satellite imagery. • Expected Solution/Deliverables: i. Classification and segregation of Industrial fires from forest fires and other natural fires. ii. GIS based solution for data storage, visualization of the output as an overlay over maps","Not applicable (global NASA data, not India-specific)",FIRMS-derived Kaggle datasets exist (search 'NASA FIRMS wildfire'),Not applicable,"NASA FIRMS (firms.modaps.eosdis.nasa.gov) — free, real-time, well-documented REST API, confirmed excellent",firms-api wrapper repos exist on GitHub (search 'FIRMS API python'),"Adjacent forest-fire/thermal-anomaly detection literature using satellite data is well-established in remote sensing journals; NASA FIRMS itself is documented via NASA technical reports rather than IEEE papers, but downstream ML-on-FIRMS-data papers exist in wildfire-detection literature."
SIH26164,Enterprise Cryptographic Discovery & Analysis Tool (ECDAT),Software,Blockchain & Cybersecurity,National Technical Research Organisation (NTRO),National Technical Research Organisation (NTRO),-1.77,LOW - target these,4.03,NO,SIH25040,FloatChat - AI-Powered Conversational Interface for ARGO Ocean Data Discovery and Visualization,0.178,9,20 September 2026,0/500,"Standard Open source datasets for source code repositories (eg:Github), libraries (eg: Openssl) may be used.",,,164,"• Background Transitioning to Post Quantum Cryptography based solutions requires preparedness, risk assessment and financial and operational investment. Towards this, discovery and inventory of Cryptographic Artefacts is the critical first step, that will enable the transition. • Description i. Identify and catalogue all cryptographic artefacts (algorithms, keys, certificates, protocols, libraries, hardware modules, cloud services) across internal and external facing applications, products and infrastructure. ii. The tool should perform a comprehensive quantum risk assessment and identify systems prone to potential quantum attacks, and highlight risks to sensitive data. iii. Classify all the artefacts by type, lifetime and business criticality. Apply structured frameworks such as Mosca’s algorithm (compare data lifetime plus migration time against expected arrival of cryptographic relevant quantum computer) to identify and categorize risks. iv. Recommend suitable alternatives (PQC/ Hybrid algorithms) for applications based on risk profile, latency, cost, etc. • Expected Solution/Deliverables: A Comprehensive CBOM analytics tool that can scan Source code repositories, binaries, libraries and container images, for assessing risks (due to quantum computers), classifying artefacts and suggesting alternatives: - Produce a report displaying all cryptographic assets including versions/ modes in standardised formats Interactive GUI platform to visualise the scan, risks and results",Not applicable — self-generated,Not applicable,Not applicable,Not applicable,"nmap NSE scripts + OpenSSL bindings — standard open tools, no dataset needed","Not literature-driven — same as 26159/26160, a security-tooling/systems-scanning task grounded in standards docs, not papers."
SIH26167,SatQuery AI - An Interactive Vision-Language Assistant for Multimodal Remote Sensing Image Analysis through Text Queries,Software,Space Technology,Indian Space Research Organisation(ISRO),Department of Space / Indian Space Research Organisation,-2.57,LOW - target these,4.03,NO,SIH25035,Sentiment analysis of comments received through E-consultation module,0.176,3,20 September 2026,0/500,"Training / Fine-Tuning Dataset BigEarthNet.txt - primary dataset for remote-sensing adaptation using co-registered Sentinel-1 SAR, Sentinel-2 multispectral imagery, and diverse text annotations. Link: https://arxiv.org/abs/2603.29630. All datasets are available online open source.<br><br> Public Evaluation Benchmarks<br><br> &#8226; VRSBench - for r",,,167,"Background Remote-sensing imagery is widely used for agricultural monitoring, disaster management, urban planning, forest monitoring, water-resource assessment, infrastructure mapping, and environmental analysis. However, most existing remote-sensing AI solutions are developed as isolated applications for a single predefined task, such as land-cover classification, object detection, visual question answering, or change detection. These systems often require users to understand satellite-data characteristics, GIS workflows, model selection, and task-specific parameters. Consequently, non-expert users may find it difficult to obtain meaningful information from satellite imagery through simple natural-language queries. Many operational remote-sensing questions cannot always be answered reliably using a single optical image. Relevant information may be distributed across paired or multiple observations acquired at different times or by different sensors. Optical and multispectral imagery provides spectral and contextual information, whereas synthetic aperture radar (SAR) provides complementary structural information and supports day-and-night acquisition through cloud cover. Multitemporal image pairs are required to identify and interpret changes over time, while co-registered optical–SAR pairs can provide more complete and reliable information than either modality alone. A general-purpose large language model (LLM) or vision-language model (VLM) cannot be expected to perform these specialised tasks reliably without adaptation to remote-sensing imagery, sensor characteristics, and domain-specific terminology. The proposed solution must therefore include remote-sensing fine-tuning or domain adaptation and may employ multiple specialised models for different tasks. BigEarthNet.txt will serve as the primary dataset for adapting image–text representations to multisensor remote-sensing data. VRSBench and RSVQA will be used to evaluate single-image captioning, grounding, and visual question answering, while CDVQA will be used to evaluate multitemporal change-based visual question answering. The novelty of SatQuery AI lies in its agentic, query-driven framework. Instead of applying a single generic VLM, the system selects and executes suitable remote-sensing specialist models, validates inputs, combines their outputs, and returns an evidence-grounded response. Description The objective is to develop SatQuery AI, a software-based agentic vision-language assistant for analysing single and paired remote-sensing images through natural-language queries. Single-image understanding is a mandatory baseline, while the principal focus is joint reasoning over paired cross-modal and multitemporal imagery. Defined Input Scope • Single image: One optical/multispectral or SAR image for captioning, visual question answering, and text-guided region grounding. • Cross-modal pair: Co-registered optical/multispectral and SAR images of the same geographic area for joint information extraction and cross-modal analysis. • Bi-temporal pair: Two spatially corresponding images of the same geographic area acquired at different times for change detection, change description, and change-based visual question answering. • Supported formats: GeoTIFF or TIFF for geospatial imagery. PNG and JPEG inputs may be accepted only for the prescribed public benchmark datasets. Mandatory Functional Scope • Remote-sensing adaptation: At least one visual or vision-language component must be fine-tuned or otherwise adapted using BigEarthNet.txt or the any open source training data. • Single-image baseline: Visual question answering shall be mandatory. Each solution must additionally implement either captioning/scene description or text-guided region grounding. • Multi-image change analysis: Change description or change-based visual question answering from a bi-temporal image pair shall be mandatory. A spatial change map may also be generated where reference masks are available. • Cross-modal pair analysis: The system must extract complementary information from a co-registered optical/multispectral and SAR image pair. • Agentic orchestration: The system must automatically select, sequence, and execute the appropriate specialist models or tools according to the query and input configuration. Representative Queries • 'Describe the land-cover and major objects visible in this image.' • 'Highlight the water body referred to in the query.' • 'What changed between these two dates, and where did the change occur?' • 'Use the optical and SAR images together to identify built-up and water-covered regions.' • 'Has the built-up area increased, decreased, or remained unchanged?' Agentic Model and Tool Orchestration The system may use multiple specialised components, such as a remote-sensing VQA or captioning model, a grounding model, a change-understanding or change-VQA model, and an optical–SAR fusion or information-extraction model. • interpret the query and classify the requested task; • check the number, modality, format, metadata, and compatibility of the input images; • select one or more models or tools from a predefined registry; • configure only permitted task parameters and execute the selected workflow; • combine textual and spatial outputs, estimate confidence, and return visual evidence; and • provide an auditable execution summary containing the selected task, model/tool names, and key parameters. The controller may perform internal task planning; however, only the observable execution trace, including the selected task, models or tools, permitted parameters, and outputs will be evaluated. Internal reasoning text is neither required nor evaluated. Expected Solution The expected solution is an interactive GUI or web application with an agentic remote-sensing AI backend. It should accept supported image inputs and natural-language queries, select the appropriate specialist workflow, and return evidence-grounded textual and visual results. The s",Bhuvan/Bhoonidhi imagery — India-specific complement to any global VLM training data,"RSICD (Remote Sensing Image Captioning Dataset) is on HuggingFace/GitHub, not Kaggle directly, but mirrors may exist",Not applicable,Not checked further; PS marked dataset-provided in official 2026 catalogue,"github.com (search 'RSICD') and HuggingFace hub host open VLM checkpoints (LLaVA, BLIP2) directly usable",Strong — RSICD (Remote Sensing Image Captioning Dataset) has a dedicated peer-reviewed paper and is a recognized benchmark for vision-language remote-sensing tasks; broader VLM-on-satellite-imagery literature (BLIP2/LLaVA adaptations) is active and growing.
SIH26168,AI-ML based Intelligent Dead Reckoning system for seamless navigation,Software,Miscellaneous,Indian Space Research Organisation(ISRO),Department of Space / Indian Space Research Organisation,-3.49,LOW - target these,2.31,NO,SIH25043,Embedded Intelligent Microscopy System for Identification and Counting of Microscopic Marine Organisms,0.218,0,20 September 2026,0/500,IO-VNBD: Inertial and Odometry benchmark dataset for ground vehicle positioning (https://github.com/onyekpeu/IO-VNBD),,,168,"Background Vehicle logistics, ride-hailing services, quick commerce and emergency responders heavily rely on smartphone-based navigation apps (like Google Maps or MapmyIndia) powered by GNSS (GPS/Galileo/NavIC etc). However, when a vehicle enters a long underground tunnel/ underpass, a multi-level parking lot, a dense forested highway, or a deep urban canyon surrounded by skyscrapers, GNSS connectivity drops entirely. GNSS signals are inherently weak and vulnerable to structural blockage (urban canyons, dense foliage, tunnels, deep valleys) and unintentional electromagnetic interferences from variety of sources such as jamming. This causes navigation apps to freeze, jump erratically, or miscalculate upcoming turns, leading to missed exits, delivery delays, and safety hazards. In these environments, systems must rely on self-contained Inertial Navigation Systems (INS) built from Inertial Measurement Units (IMUs) (accelerometers and gyroscopes) to calculate position via dead reckoning during GNSS outage and switch back to GNSS aided INS after blackout. While INS is immune to external jamming, low-cost tactical or MEMS-grade IMUs suffer from inherent sensor biases, deterministic errors, and thermo-mechanical noise. While modern high-end cars possess factory-fitted, wheel-connected Inertial Navigation Systems (INS), the vast majority of vehicles on Indian roads-including commercial trucks, older cars, and millions of two-wheelers (motorcycles/scooters)-rely solely on the driver’s smartphone mounted on the dashboard or placed in mobile holder. Using a smartphone's internal MEMS IMU (accelerometer and gyroscope) to track vehicle position via dead reckoning during a GNSS blackout is highly challenging. The smartphone is subjected to severe chassis vibrations, engine harmonics, sudden braking, and road potholes. Without an external speedometer feed from the vehicle's OBD-II port, calculating distance and velocity exclusively from consumer-grade smartphone sensors results in exponential error accumulation, causing the estimated location to drift away within seconds. To overcome these challenges, there is a need for AI-ML enhanced dead reckoning and sensor fusion(GNSS+INS) techniques that integrate AI and machine learning models with real-time correction strategies. Description The goal is to develop a lightweight, edge-deployable software engine and mobile application that transforms a standalone smartphone into an Intelligent Dead Reckoning (IDR) system with GNSS Fusion. When a GNSS outage occurs, the application must instantly transition to inertial tracking(INS), maintaining lane-level accuracy without requiring any physical connection to the vehicle’s internal computer and seamlessly switch back to GNSS aided INS solution. To bypass the need for an external speedometer, the solution must employ AI/ML models trained on vehicle kinematics to accurately predict vehicle speed and acceleration profiles solely from the smartphone’s noisy accelerometer/gyro inputs. It must dynamically detect and filter out non-navigation motions such as engine idling vibrations, pothole shocks, bumps, and accidental phone misalignments on the mount. Furthermore, the navigation engine should implement a smart Map-Matching Filter. By overlaying the inertial trajectory onto an offline map database (e.g., Open Street Map), the system should use the road layout as a constraint. For instance, it can apply Non-Holonomic Constraints (NHC), assuming a car cannot slide sideways or fly upwards, to dramatically snap the drifting IMU path back onto the actual road grid. Also, the GNSS+INS fusion Algorithm should employ AI/ML techniques to develop an AI based fusion model to mitigate drift errors and provide accurate position. The Final solution and AI/ML models developed should not be constricted to smart phone IMU sensors data alone (Mobile application). These algorithms/models should also work with any other external IMU sensors data (Edge deployable software engine). Dataset Details: IO-VNBD: Inertial and Odometry benchmark dataset for ground vehicle positioning. This dataset should be used to train & test the models and submit for screening of proposals. Teams are required to include the preliminary AI models and the results of the position plot inferenced from the subset of IO-VNBD dataset as part of their proposals submitted for evaluation. During the screening process more datasets will be provided for further evaluation of the AI models. The On-Device Workflow Dead reckoning and GNSS fusion algorithms are hybrid. Complex training happens in the cloud/desktop apriori, while inference happens on the smartphone. 1. Model Training (Cloud/Desktop): Teams should train AI-ML models using IMU sensors datasets collected using a smartphone mounted on their vehicles or datasets available in open-source domain (for eg. ‘IO-VNBD dataset’) and bring trained models with them for SIH finale. Teams can bring the downloaded map database (e.g., Open Street Map). 2. On-Device Execution (Smartphone): During SIH Finale, the trained, lightweight model will need to be exported to the smartphone. It should receive live inputs from the phone's built-in Inertial Measurement Unit (IMU)-the accelerometer, gyroscope, and magnetometer/compass and GNSS data if available. The AI-ML based algorithms should remove IMU sensors noise & bias, predict corrections, perform map matching and determine continuous position using AI-ML based algorithms for both dead reckoning and GNSS+INS Fusion. For complete details regarding final solution, refer to the expected solution section. Expected Solution The final deliverable must be a working mobile application and an Edge deployable software engine exhibiting the following technical capabilities: • In-Vehicle Alignment & Calibration Engine: An algorithmic module that automatically determines the phone’s pitch, roll, and yaw relative to the vehicle's driving direction, whether the phone is strictly dashboard-mounted or",Not applicable,"KITTI and EuRoC MAV datasets are hosted on their own academic sites, sometimes mirrored on Kaggle","Not applicable (KITTI is German/EU-adjacent — Karlsruhe Institute — but hosted independently, not on data.europa.eu)",Not applicable,cvlibs/kitti (official) and ethz-asl/eurocmav_dataset_tools — both open and well-documented,"Strong — KITTI and EuRoC MAV are both foundational, heavily-cited benchmark datasets in the SLAM/visual-odometry literature (thousands of citing papers); sensor-fusion dead-reckoning is a mature, well-published research area."
SIH26169,Development of an AI-Based Virtual Camera Tracking System for Coarse Alignment of Mobile Free Space Optical Communication (FSOC) Terminals,Software,Miscellaneous,Indian Space Research Organisation(ISRO),Department of Space / Indian Space Research Organisation,-1.89,LOW - target these,2.31,NO,SIH25037,Development of a low-cost camera-based automated beach sand grain size mapping system,0.171,0,20 September 2026,0/500,,,,169,"Background Free Space Optical Communication (FSOC) offers unprecedented advantages for next-generation mobile networks, including gigabit-to-terabit data rates, license-free spectrum operation, high immunity to electromagnetic interference, etc. However, deploying FSOC links between mobile platforms (satellites, UAVs presents a severe challenge of pointing, acquisition and tracking (PAT) of highly narrow laser beams. PAT typically happens in two stages: coarse alignment and fine alignment. Coarse alignment is one of the key challenges of PAT, where the transmitting terminal must first locate and maintain the remote terminal within its camera Field-of-View (FOV). Developing and testing such algorithms on real hardware requires expensive cameras, pan-tilt mechanisms, and optical components & equipment. A software based virtual camera tracking provides an inexpensive and accessible platform for algorithm development and learning. Description Unlike conventional radio-frequency systems, FSOC relies on a highly directional optical beam. Even a small angular error can prevent successful communication. Before fine pointing mechanism can take over, a coarse alignment stage must: • Observe the surrounding environment, • Acquire and detect the remote terminal or beacon, • Estimate the position, and • Continuously adjust the pointing direction to maintain visibility. The participants shall develop this coarse alignment process in software, allowing to develop and validate tracking algorithms without specialized hardware and setup. The following section provides reference parameters and performance criteria to be considered for the software development. Parameters and Specifications Functional Objective: Develop a software system that autonomously detects, identifies, and continuously tracks a designated moving target within a virtual scene by controlling a virtual camera viewport. Add 'Parameters and Specifications' table here Expected Solution Participants shall develop an AI-assisted camera tracking system capable of automatically detecting and continuously tracking a moving optical beacon in a simulated video stream while controlling a virtual pan-tilt camera. The developed software shall be able to: • Generate a configurable virtual environment, • Generate one or more moving targets, • Implement a movable virtual camera, • Detect the target beacon automatically, • Track the beacon continuously using computer vision, • Control and reposition the virtual camera, • Generate and introduce disturbances due to atmospheric turbulence, platform vibrations, camera motion, noise, etc., in the virtual camera feed, • Display tracking performance and statistics in real-time Deliverables Each participating team shall submit the following mandatory deliverables: Software Application A standalone executable application implementing the complete virtual camera tracking system. The application shall provide all the mandatory functions and features as described above. Source Code Complete source code with proper documentation. The code shall be modular and adequately commented. Technical Report The technical report (about 10-15 pages) containing problem understanding, system architecture, description of software modules, tracking methods, AI methods (if used), test methodology, performance analysis and future improvements shall be submitted. User Manual The user manual with the description of installation of software, application operation, parameter configuration, GUI description, etc. shall be submitted. A 3–5 minutes video may also be provided as an optional deliverable for demonstration of the application. Performance Log The software should be capable of automatically generating a performance report containing simulation duration, FPS, acquisition time, average and maximum tracking error, lock retention rate, processing time, etc. Evaluation Method and Criteria The solutions developed by participating teams will be evaluated using multi-layered evaluation method. The following table describes stages of evaluation, their weightage and methods. Add 'Evaluation Method and Criteria' table here",Not applicable,"TUM RGB-D mirrors possible on Kaggle, primary source is TUM's own site","Not applicable (TUM is German university, not EU open-data-portal hosted)",Not applicable,"UZ-SLAMLab/ORB_SLAM3 — mature, open-source, directly usable baseline","Strong — ORB-SLAM3 (Campos et al.) is a peer-reviewed, highly-cited (IEEE Trans. Robotics) open-source SLAM system; extensive supporting literature on camera pose tracking exists."
SIH26171,On-device Visual Perception for Light-weight Browser Agents,Software,Miscellaneous,Indian Space Research Organisation(ISRO),Department of Space / Indian Space Research Organisation,-2.09,LOW - target these,2.31,NO,SIH25049,Al-Driven Public Health Chatbot for Disease Awareness,0.156,7,20 September 2026,0/500,Any open-source data can be used. Use cases for evaluation will provided during finale,,,171,"Background AI agents are becoming omnipresent in the current era and can play an important role in our digital interactions. If an agentic AI pipeline has access to our visual context, screen states, they can assist users in complex workflows and automate many tasks. Most of the agentic AI pipelines are deployed on server side which limits the type to data that a user can share with it. It would open a new dimension of possibilities, if a local agent is deployed on user machine particularly browser which can eliminate the need to share the sensitive data with the server. Local system generally has fewer resources than server and is unable to host a full-fledged pipeline therefore only the non-sensitive data such as structure of the screen, application fields etc can be sent to server for processing. Modern browser APIs (such as WebGPU and WebAssembly) and local inference libraries (like ONNX Runtime Web and Transformers.js) have unlocked the ability to run lightweight machine learning models directly on the client. The aim is to bridge these two environments: leveraging the reasoning power of cloud or server based AI while strictly enforcing data privacy at the client side. Description Participants are required to build a privacy-preserving vision agent which runs on browser. This involves implementing a client-side architecture where a local Vision Transformer (ViT) or equivalent computer vision model 'reads' the user's screen and takes decision based on that. If it requires the visual context to be sent to server, it shall sanitize the sensitive/PII data using DOM tags or any other method, before any network request is made. It should dynamically detect and redact sensitive elements. For example, blurring faces, blacking out passwords, and masking PII etc. Only this anonymized, unidentifiable data should be transmitted to the central server which should be aware for this redaction scheme and can process data accordingly. The server will then process the sanitized context and return actionable commands for the browser agent to execute. Participants must balance the trade-offs between inference latency and the accuracy. Expected Solution A successful submission should include a working prototype consisting of client side extension and server that demonstrates the following: Client-side (extension/JS) running in popular browsers (chrome, Firefox) components: • Local Vision Processing: Implementation of a client-side vision model running in the browser (e.g., via WebGPU) that evaluates the current screen state. • Privacy Preserving Filter: A mechanism for sanitizing sensitive or personal visual data. This can be achieved through local bounding-box redaction, semantic obfuscation, masking etc. This should be clearly demonstrated. Server-side implementation components: • Server Side Integration: The transmission of the anonymized visual context to a centralized LLM/VLM, which successfully interprets the sanitized data and returns the response which may be processed data to be again ingested by local client or an UI action (e.g., 'click the submit button,' 'scroll down') that the local client executes. • Participants are free to use any offline deployable (open-source/open-weights) model on server side. During SIH they can use cloud hosted version of these. An end-to-end task assisting the user should be demonstrated. Evaluation will be done on the following metrics: 1-Accuracy of visual context from screen – 25% 2-Recall and precision for detection of sensitive/PII data – 20% 3-Precision of redaction – 20% 4-Client side resource utilization – 20% 5-Overall end-to-end latency of the provided task -15%",Not applicable,COCO dataset widely mirrored on Kaggle,Not applicable,Not applicable,tensorflow/tfjs-models and onnx/models — pretrained lightweight models ready for browser deployment,"General on-device/lightweight vision model literature is extensive (MobileNet, YOLO-Nano lineage all peer-reviewed, CVPR/ICCV venues) though nothing specific to 'browser agent perception' as a defined research problem."
SIH26175,DepthWizard - Single-View Height Estimation and 3D Flythrough,Software,Miscellaneous,Indian Space Research Organisation(ISRO),Department of Space / Indian Space Research Organisation,-3.49,LOW - target these,2.31,NO,SIH25052,AR-Based Cultural Heritage Preservation Platform,0.141,3,20 September 2026,0/500,"Any high-resolution remote-sensing dataset openly available on the internet may be used for development. Reference dataset: https://github.com/IMG-PROCESS-SAC/SIH2026/. A lower-resolution DEM source such as SRTM 30 m may be used to map scale-agnostic depth features to absolute metric elevations. During final evaluation, ISRO RGB-band optical satellite i",,,175,"Background Accurate Digital Elevation Models (DEMs) and Digital Surface Models (DSMs) are fundamental to urban planning, disaster management, and military reconnaissance. Traditionally, elevation data is acquired through stereo-imaging pairs, LiDAR, or Interferometric Synthetic Aperture Radar (InSAR). These approaches can be cost-prohibitive, dependent on specific sensor availability, and computationally intensive. Single-view height estimation offers an agile alternative, but foundational monocular depth models are trained largely on natural egocentric imagery and predict relative depth. When applied to remote sensing, they face domain gaps, structural variations, and a lack of absolute-scale mapping. Converting relative depth into metric elevation remains a critical challenge, alongside the operational need to transform static elevation profiles into interactive 3D assets that can be navigated in real time. Description Develop an end-to-end software pipeline that transforms single-view optical RGB remote-sensing images into high-precision elevation maps. The framework must support both non-georeferenced and georeferenced imagery. • Non-Georeferenced RGB Imagery (for example, PNG or JPG): Produce a Relative Digital Surface Model (rDSM) for images without spatial metadata. • Georeferenced RGB Imagery (for example, GeoTIFF): Produce an Absolute Digital Surface Model (DSM) with metric height values for images containing coordinate-system metadata. The solution should use a pre-trained monocular depth-estimation backbone to generate initial relative-depth maps. For georeferenced imagery, a lower-resolution DEM source such as SRTM or a limited set of Ground Control Points may be used to map scale-agnostic depth features to absolute metric elevations. For non-georeferenced imagery, relative height may be used directly in the visualization stage. After computing the elevation map, the system should project the original optical image onto a generated 3D terrain mesh and integrate the result with a rendering engine such as Unity, Three.js, or Babylon.js. The interface should support seamless first-person navigation and analysis of structural heights and slopes from arbitrary aerial perspectives. Key Milestones • Elevation Extraction: Use a robust pre-trained monocular depth model to extract geometric and structural representations from single-view optical imagery. • Scale Calibration: Develop a module that converts relative depth to absolute height using scene-level statistics, low-resolution DEMs, semantic priors, or minimal Ground Control Points for georeferenced inputs. • Visualization Layer: Build an immersive, preferably interactive, rendering pipeline that converts the optical texture and derived depth map into a navigable 3D environment deployable as a standalone application. Evaluation Criteria: • DSM Estimation - Accuracy and Validation (50%): Evaluate RMSE, MAE, and correlation against LiDAR or reference data, including performance stability across urban, sparse, hilly, and forested landscapes. • Visualization - Rendering Quality and User Experience (50%): Assess projection accuracy, visual fidelity, navigability of the 3D flythrough, interface intuitiveness, software stability, and successful standalone deployment. Expected Solution Deliver a fully integrated software suite with complete source code and technical documentation. The solution must be deployable as a unified module containing the following components: • Elevation Estimation Module: Accept single-view optical satellite imagery in PNG, JPG, or TIFF format and output a high-fidelity DSM in a standard geospatial format. • Interactive Visualization Platform: Provide a user-friendly 3D flythrough experience that lets users upload imagery, visualize reconstructed terrain, and validate estimated height values against reference datasets.",Not applicable,"AGORA/SURREAL synthetic body datasets — check their own sites, not Kaggle-native",Not applicable,Not applicable,"google/mediapipe — pose-estimation library, directly reusable from your existing project","Adjacent literature on monocular pose estimation and anthropometric measurement from single images exists (CVPR/ICCV papers on SMPL body models, AGORA/SURREAL dataset papers) — directly relevant to extending your existing body-measurement project."
SIH26176,ORCA Marine EcOsystem Reasoning with Collaborative Agents,Software,Miscellaneous,Indian Space Research Organisation(ISRO),Department of Space / Indian Space Research Organisation,-2.09,LOW - target these,2.31,NO,SIH25049,Al-Driven Public Health Chatbot for Disease Awareness,0.153,7,20 September 2026,0/500,,,,176,"Background The marine ecosystem plays a vital role in supporting livelihoods, food security, biodiversity, maritime transportation, coastal resilience, and the blue economy. Every day, vast volumes of satellite Earth Observation and oceanographic data, including Sea Surface Temperature (SST), chlorophyll concentration, and weather forecasts, are generated by ISRO and other global agencies. Marine stakeholders such as fishermen, researchers, coastal authorities, disaster management agencies, and maritime operators rely on timely access to oceanographic and meteorological information for operational planning and decision-making. As the volume, diversity, and complexity of marine data continue to increase, there is a growing need for an intelligent conversational platform that enables users to interact naturally with marine information, ask questions, explore scenarios, and receive synthesized, evidence-based recommendations tailored to their context. Advances in Agentic AI, conversational intelligence, and geospatial technologies present an opportunity to fundamentally transform how marine information is accessed and utilized. By integrating satellite Earth Observation data with autonomous AI agents, intelligent conversational decision-support systems should be able to answer questions such as 'Where is the nearest Potential Fishing Zone today?', 'Is it safe to venture into the sea tomorrow morning?', or 'What are the tide, weather, and sea conditions near my fishing location?' and provide explainable, context-aware recommendations. Description Develop an Agentic AI-powered conversational platform that enables users to access, analyze, and reason over marine information using natural language. The platform should autonomously interpret user intent, decompose complex requests into executable tasks, coordinate multiple specialized AI agents, retrieve relevant marine and geospatial datasets, perform spatial-temporal reasoning, and synthesize actionable recommendations through a conversational interface. The solution should be capable of integrating information from multiple sources, including satellite Earth Observation products, GIS layers, weather services, oceanographic observations, and marine advisories available in the public domain. Typical user queries include: • Where is the nearest Potential Fishing Zone (PFZ) today? • Is it safe to venture into the sea tomorrow morning? • What are the tide, weather, and sea conditions near my fishing location? • Are there any lightning or cyclone alerts in my area? • Which regions show high chlorophyll concentration and favourable sea surface temperature? • What is the safest route for a fishing vessel considering weather and sea-state conditions? • Why has fish productivity declined in a particular coastal region? • Which fishing zones should be avoided due to hazardous marine conditions or geofencing restrictions? The platform should not merely retrieve information from individual datasets but intelligently correlate observations from multiple sources, explain the reasoning behind its recommendations, and present insights through conversational responses, maps, alerts, and interactive geospatial visualizations. Expected Solution Participants are expected to develop an Agentic AI-powered Marine Intelligence Platform that leverages collaborative AI agents, geospatial technologies, and satellite Earth Observation data to provide intelligent conversational decision support. The solution should demonstrate the core principles of Agentic AI, including autonomous planning, reasoning, tool selection, task execution, collaboration among specialized agents, and explainable decision-making. The platform should be capable of: • Understanding user intent expressed in natural language. • Automatically identifying the language of the user's query and responding in the same language, with emphasis on supporting Indian regional languages. • Supporting contextual, multi-turn conversations that enable users to refine queries and explore related scenarios. • Autonomously discovering, retrieving, and integrating relevant satellite, marine, meteorological, and geospatial datasets. • Performing spatial, temporal, and contextual reasoning by correlating observations from multiple heterogeneous data sources. • Generating explainable, evidence-based recommendations supported by maps, charts, geospatial visualizations, and marine advisories. • Enhancing fishermen safety through proactive alerts for adverse weather, high waves, lightning, cyclones, and other hazardous marine conditions. • Providing geofencing-based notifications when approaching international maritime boundaries, restricted waters, marine protected areas, ecologically sensitive zones, or other predefined operational boundaries. • Assisting with route optimization, safe navigation, and operational planning based on prevailing and forecast marine conditions. • Delivering reliable recommendations together with the supporting evidence and reasoning used to derive each response. Participants are encouraged to design a modular multi-agent architecture comprising specialized AI agents for planning, marine data discovery, weather intelligence, ocean analytics, geospatial reasoning, risk assessment, visualization, reporting, and user interaction. The architecture should demonstrate autonomous collaboration among agents to solve complex marine intelligence problems while providing an intuitive conversational experience.",Not applicable (global ocean data),Not checked directly on Kaggle,"Not applicable (OBIS is UNESCO/IOC, hosted independently, not EU-portal)",Not applicable,"iobis/pyobis (Python) and iobis/robis (R) — both official, open, and directly usable clients","Not much dedicated literature on 'multi-agent LLM reasoning over marine biodiversity data' specifically — OBIS itself is documented via its own technical papers (IOC/UNESCO), agentic-AI-for-science is an active but very new research direction with limited peer-reviewed precedent yet."
SIH26182,Automated Attribution of Unknown Cryptocurrency Wallets to Nearest Virtual Asset Service Providers (VASPs) through Blockchain Intelligence APIs,Software,Blockchain & Cybersecurity,Ministry of Home Affairs,"Indian Cyber Crime Coordination Centre (I4C),CIS Division",-1.57,LOW - target these,4.03,NO,SIH25003,Low-Cost smart transportation solution for Agri produce from remote farms to nearest motorable road in NER Region,0.207,0,20 September 2026,0/500,,,,182,"• Background The rapid adoption of Virtual Digital Assets (VDAs) and decentralized blockchain ecosystems has significantly increased the complexity of cybercrime investigations globally. Law Enforcement Agencies (LEAs) frequently encounter cryptocurrency wallet addresses linked to cyber frauds, ransomware, investment scams, darknet activities, and laundering of crime proceeds. Under the existing investigation workflow, LEAs raise lawful information disclosure requests through the SAHYOG Portal to Virtual Asset Service Providers (VASPs) such as crypto exchanges, custodial wallet providers, and trading platforms. However, in many cases, the suspect wallet identified during investigations belongs to an unhosted wallet or a wallet for which the associated VASP is unknown. This creates major delays in attribution, freezing of assets, and identification of the beneficial owner. Blockchain transactions generally pass through multiple intermediary wallets before reaching centralized exchanges. Identifying the 'nearest direct deposit accepting exchange' manually through blockchain analysis is time-consuming and requires specialized expertise. • Description The proposed system envisages development of an Automated Blockchain Intelligence & VASP Attribution Engine integrated with the SAHYOG Portal through APIs. The system should: • Automatically analyze suspect cryptocurrency wallet addresses reported during investigations on the Sahyog Platform • Automatically trace blockchain transaction paths to identify: o nearest centralized exchange, o custodial wallet service, o or VASP receiving direct deposits from the suspect wallet. • Map blockchain of deposit addresses and transaction flows across multiple blockchain networks such as: o Bitcoin, o Ethereum, o Tron, o BNB Chain, o Solana, o Polygon o and other major chains. • Support identification of: o exchange clusters, o hot wallets, o deposit wallets, o mixers/tumblers, o DeFi bridges, o and cross-chain swap services. • Integrate Sahyog with blockchain intelligence APIs and graph analytics engines. • Provide automated tagging and confidence scoring for suspected VASPs. • Generate investigation-ready reports for LEAs. • Assist investigators in automatically routing lawful disclosure or freezing requests to the correct VASP through the SAHYOG Portal. The system may additionally support: • visualization of fund movement, • cross-chain transaction mapping, • risk scoring, • identification of laundering typologies, • and alerting for high-risk wallets linked to ransomware, darknet, terrorism financing, or fraud ecosystems. • Expected Solution A software-based blockchain intelligence platform integrated with the SAHYOG ecosystem capable of: • Automated identification of nearest VASP/exchange linked to unknown wallets. • API-driven blockchain tracing and attribution support. • Multi-chain transaction analysis and visualization. • Real-time generation of investigative intelligence. • Risk classification of wallets and transaction flows. • Dashboard for LEAs with case-based analytics and reporting. • Scalable architecture capable of handling large-volume blockchain transaction analysis. The solution should aim to: • reduce investigation time, • improve asset freezing efficiency, • enhance attribution capabilities, • and strengthen cross-border cybercrime investigations involving VDAs",Not applicable,"Elliptic dataset is on Kaggle directly (kaggle.com/datasets/ellipticco/elliptic-data-set) — confirmed, gold-standard",Not applicable,Not applicable,qwqw3535/EllipticPlusPlus and multiple GCN/GraphSAGE reference implementations openly available,"Extremely strong — the Elliptic dataset has a large, mature literature: original NeurIPS 2019 workshop paper (Weber et al.), Elliptic++ paper (arXiv, GNN-based fraud detection), multiple GCN/GraphSAGE benchmark papers, Elliptic2 (subgraph representation learning) follow-up dataset paper. One of the best-covered PS in your entire set."
SIH26187,AI-Based Intelligent Video Analytics Platform for Border Surveillance using existing CCTV Infrastructure.,Software,Smart Automation,Ministry of Home Affairs,"Sashastra Seema Bal (SSB), Police II Division",-0.07,LOW - target these,3.33,NO,SIH25043,Embedded Intelligent Microscopy System for Identification and Counting of Microscopic Marine Organisms,0.256,0,20 September 2026,0/500,,,,187,"• Background Border security forces deploy CCTV cameras at Border Out Posts(BOPs), check posts, border roads, and other strategic locations for surveillance and monitoring. However, conventional CCTV systems primarily provide video recording and live monitoring capabilities,requiring continuous human observation. Advanced surveillance functionalities such as Facial Recognition Systems (FRS), Automatic Number Plate Recognition (ANPR), intrusion detection, and object tracking often require specialized hardware and proprietary solutions,making large-scale deployment costly and difficult, particularly in remote border areas. • Description The proposed solution aims to develop an AI-driven software platform capable of transforming existing CCTV infrastructure into an intelligent surveillance network without requiring dedicated FRS, ANPR, or smart-camera hardware. The platform shall ingest live video streams from standard IP-based CCTV cameras and perform real-time video analytics using Artificial Intelligence and Computer Vision techniques. The solution should provide capabilities such as: • Human detection and tracking • Vehicle detection and classification • Face detection • Automatic Number Plate Recognition (ANPR) • Virtual fence intrusion detection • Suspicious activity detection • Night-time movement detection • Real-time alert generation and event logging • Expected Solution The proposed system should leverage Artificial Intelligence, Machine Learning, Computer Vision, and Video Analytics to create a software-defined surveillance platform capable of extracting actionable intelligence from existing CCTV infrastructure. The solution should: • Eliminate dependence on expensive dedicated surveillance hardware. • Enable intelligent monitoring through AI-powered video analytics. • Provide real-time alerts for security incidents and border intrusions. • Support facial recognition, vehicle identification, and behavioral analytics through software. • Improve situational awareness and response time for border security forces. • Support integration with existing command and control systems. • The final solution should be cost-effective, scalable, and suitable for deployment across remote border locations and strategic installations. • Possible Project Name IBVAP – Intelligent Border Video Analytics Platform",Not applicable,"UCF-Crime and ShanghaiTech are hosted on their own academic sites (crcv.ucf.edu, svip-lab.github.io), not Kaggle-native, but Kaggle mirrors commonly exist",Not applicable,Not applicable,svip-lab (ShanghaiTech) and multiple open weakly-supervised VAD reference repos on GitHub (search 'UCF-Crime weakly supervised'),"Strong — UCF-Crime and ShanghaiTech both have deep, ongoing literature: original CVPR 2018 paper (Sultani et al.), and dozens of follow-on weakly-supervised video anomaly detection papers (CLAWS, MissionGNN, adaptive GCN approaches) — a very active, well-published research area."
SIH26189,AI-Powered Criminal Network Analysis System,Software,Blockchain & Cybersecurity,Ministry of Home Affairs,"National Crime Records Bureau (NCRB), Women Safety Division",3.03,MEDIUM,4.03,NO,SIH25073,Al-Powered Mobile Platform for Democratizing Sports Talent Assessment,0.266,2,20 September 2026,0/500,,,,189,"• Background Modern criminal activities are increasingly organized and interconnected. Criminals often operate through networks involving associates, intermediaries, financial channels, communication links,locations, and events. Law enforcement agencies collect large volumes of data from sources such as: • FIRs and police reports • Call Detail Records (CDRs) • Financial transaction records • Surveillance reports • Social media intelligence • Criminal history databases • Intelligence agency reports Despite having access to this information, investigators frequently face challenges in identifying hidden relationships among suspects because the data is fragmented, unstructured, and distributed across multiple systems. Manual analysis can be slow, labor-intensive, and prone to missing critical connections.With advances in Artificial Intelligence (AI), Machine Learning (ML),Natural Language Processing (NLP), and Graph Analytics, it is now possible to automatically discover relationships, detect patterns, and generate insights that can assist investigators in understanding criminal networks more effectively. • Description The objective is to develop an AI-powered system that can analyze large volumes of criminal and intelligence-related data to uncover hidden networks and relationships among individuals, organizations, locations,and events. The system should: • Collect and process data from multiple sources. • Extract important entities such as people, locations, vehicles, phone numbers, and organizations. • Build relationship maps showing how different entities are connected. • Identify key individuals who play influential roles within criminal networks. • Detect suspicious patterns and unusual activities. • Assist investigators by providing visual and analytical insights. • Expected Solution Develop an AI-powered system that automatically analyzes structured and unstructured crime-related data to uncover criminal networks,identify key influencers, detect suspicious patterns, and provide actionable intelligence for investigators.",Not applicable,Elliptic/Elliptic++ reusable here too (same as 26182),Not applicable,Not applicable,NetworkX + PyTorch Geometric community-detection examples widely available on GitHub,"Criminal/financial network analysis via graph community-detection has established literature (Louvain method, GraphSAGE applications) though nothing specific to 'criminal network analysis system' as a named research problem — Elliptic-adjacent literature (see 26182) is the closest transferable base."
